case,version,iteration,optimization_seconds,reconstruction_seconds,reconstruction_cpu_seconds,matching_visits,pathway_sha256
ketoconazole,after,1,0.007012703,0.000656713,0.000657,726,1ffee22e423d5027741d113d93851a5e72ff8ffca0cca96d311ad6bd08af802f
ketoconazole,before,1,0.007272392,0.000564493,0.000565,726,1ffee22e423d5027741d113d93851a5e72ff8ffca0cca96d311ad6bd08af802f
Ceftiolene,after,1,0.003707044,0.00318241,0.003183,2210,6ec499234d030a63c12337ad1e6456d4de5b6467a7190a5046be45ff4c46ee68
Ceftiolene,before,1,0.003694662,0.00318351,0.003183,2210,6ec499234d030a63c12337ad1e6456d4de5b6467a7190a5046be45ff4c46ee68
erythromycin,after,1,0.393977764,0.010154,0.010154,13435,c505cef4783ee22e4fb73c81dc024cf5651bedd936a7285ecf827ca694af9eac
erythromycin,before,1,0.396176483,0.00989626,0.0099,13435,c505cef4783ee22e4fb73c81dc024cf5651bedd936a7285ecf827ca694af9eac
clarithromycin,after,1,1.18608513,0.0115758,0.011576,15619,4831964823c9b9d63c76ec777017fba0a98edb5d08fbe2250c6153f31eacc3a9
clarithromycin,before,1,1.241977431,0.0121527,0.012153,15619,4831964823c9b9d63c76ec777017fba0a98edb5d08fbe2250c6153f31eacc3a9
phosphatidylcholine,after,1,0.114957536,0.00111603,0.001116,2496,4268f7c9f90155316b2f7b44c002326f838fd8dd6f9f6f2a4fb6702555afd56c
phosphatidylcholine,before,1,0.117882158,0.00117278,0.001172,2496,4268f7c9f90155316b2f7b44c002326f838fd8dd6f9f6f2a4fb6702555afd56c
amino_acid_scaling_09c_077a,after,1,0.073043591,0.000163904,0.000164,9,06d22e6210f8c3a61e416aa0f2e5242458505bc08571de2b15619f39d40bae80
amino_acid_scaling_09c_077a,before,1,0.073033211,0.000171748,0.000171,9,06d22e6210f8c3a61e416aa0f2e5242458505bc08571de2b15619f39d40bae80
homogeneous_path_127b,after,1,0.025272526,0.000307639,0.000308,130,9da28fb9576ca091817fb7acae28a91291c32ab9fd55395fdabf9eed60b399e7
homogeneous_path_127b,before,1,0.025535823,0.000310399,0.00031,130,9da28fb9576ca091817fb7acae28a91291c32ab9fd55395fdabf9eed60b399e7
homogeneous_path_129b,after,1,0.018270689,0.000231171,0.000231,5,49c5a5237cd5c9d73ec79d410484417691ea523f199e2601a7a77e85319e3327
homogeneous_path_129b,before,1,0.019222448,0.000264907,0.000265,5,49c5a5237cd5c9d73ec79d410484417691ea523f199e2601a7a77e85319e3327
ketoconazole,before,2,0.006553759,0.00052478,0.000525,726,1ffee22e423d5027741d113d93851a5e72ff8ffca0cca96d311ad6bd08af802f
ketoconazole,after,2,0.006599064,0.000521868,0.000522,726,1ffee22e423d5027741d113d93851a5e72ff8ffca0cca96d311ad6bd08af802f
Ceftiolene,before,2,0.003518149,0.00306915,0.003072,2210,6ec499234d030a63c12337ad1e6456d4de5b6467a7190a5046be45ff4c46ee68
Ceftiolene,after,2,0.003469296,0.00308717,0.003087,2210,6ec499234d030a63c12337ad1e6456d4de5b6467a7190a5046be45ff4c46ee68
erythromycin,before,2,0.389321896,0.00984667,0.009846,13435,c505cef4783ee22e4fb73c81dc024cf5651bedd936a7285ecf827ca694af9eac
erythromycin,after,2,0.385006468,0.00978297,0.009783,13435,c505cef4783ee22e4fb73c81dc024cf5651bedd936a7285ecf827ca694af9eac
clarithromycin,before,2,1.198996841,0.0114335,0.011434,15619,4831964823c9b9d63c76ec777017fba0a98edb5d08fbe2250c6153f31eacc3a9
clarithromycin,after,2,1.180768532,0.0114548,0.011455,15619,4831964823c9b9d63c76ec777017fba0a98edb5d08fbe2250c6153f31eacc3a9
phosphatidylcholine,before,2,0.116953383,0.00111621,0.001116,2496,4268f7c9f90155316b2f7b44c002326f838fd8dd6f9f6f2a4fb6702555afd56c
phosphatidylcholine,after,2,0.116246258,0.00110307,0.001103,2496,4268f7c9f90155316b2f7b44c002326f838fd8dd6f9f6f2a4fb6702555afd56c
amino_acid_scaling_09c_077a,before,2,0.073957166,0.000167088,0.000167,9,06d22e6210f8c3a61e416aa0f2e5242458505bc08571de2b15619f39d40bae80
amino_acid_scaling_09c_077a,after,2,0.073229799,0.000171989,0.000181,9,06d22e6210f8c3a61e416aa0f2e5242458505bc08571de2b15619f39d40bae80
homogeneous_path_127b,before,2,0.025801797,0.000326957,0.000327,130,9da28fb9576ca091817fb7acae28a91291c32ab9fd55395fdabf9eed60b399e7
homogeneous_path_127b,after,2,0.025674259,0.000318556,0.000322,130,9da28fb9576ca091817fb7acae28a91291c32ab9fd55395fdabf9eed60b399e7
homogeneous_path_129b,before,2,0.01865061,0.000242076,0.000242,5,49c5a5237cd5c9d73ec79d410484417691ea523f199e2601a7a77e85319e3327
homogeneous_path_129b,after,2,0.018598396,0.000235034,0.000235,5,49c5a5237cd5c9d73ec79d410484417691ea523f199e2601a7a77e85319e3327
ketoconazole,after,3,0.006539364,0.000530672,0.00053,726,1ffee22e423d5027741d113d93851a5e72ff8ffca0cca96d311ad6bd08af802f
ketoconazole,before,3,0.006633906,0.00052907,0.000528,726,1ffee22e423d5027741d113d93851a5e72ff8ffca0cca96d311ad6bd08af802f
Ceftiolene,after,3,0.003642126,0.00309263,0.003093,2210,6ec499234d030a63c12337ad1e6456d4de5b6467a7190a5046be45ff4c46ee68
Ceftiolene,before,3,0.003806644,0.00308779,0.003087,2210,6ec499234d030a63c12337ad1e6456d4de5b6467a7190a5046be45ff4c46ee68
erythromycin,after,3,0.381876336,0.00986159,0.009861,13435,c505cef4783ee22e4fb73c81dc024cf5651bedd936a7285ecf827ca694af9eac
erythromycin,before,3,0.379675292,0.00987957,0.00988,13435,c505cef4783ee22e4fb73c81dc024cf5651bedd936a7285ecf827ca694af9eac
clarithromycin,after,3,1.179569282,0.0112663,0.011266,15619,4831964823c9b9d63c76ec777017fba0a98edb5d08fbe2250c6153f31eacc3a9
clarithromycin,before,3,1.203024104,0.0114736,0.011474,15619,4831964823c9b9d63c76ec777017fba0a98edb5d08fbe2250c6153f31eacc3a9
phosphatidylcholine,after,3,0.117169904,0.00111065,0.00111,2496,4268f7c9f90155316b2f7b44c002326f838fd8dd6f9f6f2a4fb6702555afd56c
phosphatidylcholine,before,3,0.121343025,0.00115167,0.001152,2496,4268f7c9f90155316b2f7b44c002326f838fd8dd6f9f6f2a4fb6702555afd56c
amino_acid_scaling_09c_077a,after,3,0.074434814,0.000168263,0.000169,9,06d22e6210f8c3a61e416aa0f2e5242458505bc08571de2b15619f39d40bae80
amino_acid_scaling_09c_077a,before,3,0.076129842,0.000175393,0.000175,9,06d22e6210f8c3a61e416aa0f2e5242458505bc08571de2b15619f39d40bae80
homogeneous_path_127b,after,3,0.026197157,0.000340038,0.00034,130,9da28fb9576ca091817fb7acae28a91291c32ab9fd55395fdabf9eed60b399e7
homogeneous_path_127b,before,3,0.026810743,0.000324045,0.000327,130,9da28fb9576ca091817fb7acae28a91291c32ab9fd55395fdabf9eed60b399e7
homogeneous_path_129b,after,3,0.019190272,0.000258763,0.000258,5,49c5a5237cd5c9d73ec79d410484417691ea523f199e2601a7a77e85319e3327
homogeneous_path_129b,before,3,0.019404534,0.00028341,0.000284,5,49c5a5237cd5c9d73ec79d410484417691ea523f199e2601a7a77e85319e3327
ketoconazole,before,4,0.006798273,0.000589045,0.000594,726,1ffee22e423d5027741d113d93851a5e72ff8ffca0cca96d311ad6bd08af802f
ketoconazole,after,4,0.006765548,0.000573236,0.000573,726,1ffee22e423d5027741d113d93851a5e72ff8ffca0cca96d311ad6bd08af802f
Ceftiolene,before,4,0.003713258,0.0032545,0.003254,2210,6ec499234d030a63c12337ad1e6456d4de5b6467a7190a5046be45ff4c46ee68
Ceftiolene,after,4,0.003845431,0.00337416,0.003375,2210,6ec499234d030a63c12337ad1e6456d4de5b6467a7190a5046be45ff4c46ee68
erythromycin,before,4,0.413192573,0.0103992,0.010387,13435,c505cef4783ee22e4fb73c81dc024cf5651bedd936a7285ecf827ca694af9eac
erythromycin,after,4,0.401401314,0.0103475,0.010347,13435,c505cef4783ee22e4fb73c81dc024cf5651bedd936a7285ecf827ca694af9eac
clarithromycin,before,4,1.216593193,0.0113915,0.011391,15619,4831964823c9b9d63c76ec777017fba0a98edb5d08fbe2250c6153f31eacc3a9
clarithromycin,after,4,1.199569886,0.0114298,0.01143,15619,4831964823c9b9d63c76ec777017fba0a98edb5d08fbe2250c6153f31eacc3a9
phosphatidylcholine,before,4,0.121108679,0.00111646,0.001117,2496,4268f7c9f90155316b2f7b44c002326f838fd8dd6f9f6f2a4fb6702555afd56c
phosphatidylcholine,after,4,0.116203596,0.00111738,0.001117,2496,4268f7c9f90155316b2f7b44c002326f838fd8dd6f9f6f2a4fb6702555afd56c
amino_acid_scaling_09c_077a,before,4,0.073812516,0.000183304,0.000182,9,06d22e6210f8c3a61e416aa0f2e5242458505bc08571de2b15619f39d40bae80
amino_acid_scaling_09c_077a,after,4,0.074791741,0.000183039,0.000188,9,06d22e6210f8c3a61e416aa0f2e5242458505bc08571de2b15619f39d40bae80
homogeneous_path_127b,before,4,0.026110946,0.000349347,0.000352,130,9da28fb9576ca091817fb7acae28a91291c32ab9fd55395fdabf9eed60b399e7
homogeneous_path_127b,after,4,0.02591799,0.000318048,0.000318,130,9da28fb9576ca091817fb7acae28a91291c32ab9fd55395fdabf9eed60b399e7
homogeneous_path_129b,before,4,0.01904545,0.000239362,0.00024,5,49c5a5237cd5c9d73ec79d410484417691ea523f199e2601a7a77e85319e3327
homogeneous_path_129b,after,4,0.018829418,0.000256186,0.000256,5,49c5a5237cd5c9d73ec79d410484417691ea523f199e2601a7a77e85319e3327
ketoconazole,after,5,0.006644991,0.00055102,0.000551,726,1ffee22e423d5027741d113d93851a5e72ff8ffca0cca96d311ad6bd08af802f
ketoconazole,before,5,0.006624692,0.000551752,0.000552,726,1ffee22e423d5027741d113d93851a5e72ff8ffca0cca96d311ad6bd08af802f
Ceftiolene,after,5,0.004604363,0.00315098,0.003158,2210,6ec499234d030a63c12337ad1e6456d4de5b6467a7190a5046be45ff4c46ee68
Ceftiolene,before,5,0.003685038,0.00319975,0.0032,2210,6ec499234d030a63c12337ad1e6456d4de5b6467a7190a5046be45ff4c46ee68
erythromycin,after,5,0.390517911,0.00982731,0.009827,13435,c505cef4783ee22e4fb73c81dc024cf5651bedd936a7285ecf827ca694af9eac
erythromycin,before,5,0.385886551,0.00990832,0.009913,13435,c505cef4783ee22e4fb73c81dc024cf5651bedd936a7285ecf827ca694af9eac
clarithromycin,after,5,1.207602347,0.0113221,0.011313,15619,4831964823c9b9d63c76ec777017fba0a98edb5d08fbe2250c6153f31eacc3a9
clarithromycin,before,5,1.236932997,0.0124117,0.0124,15619,4831964823c9b9d63c76ec777017fba0a98edb5d08fbe2250c6153f31eacc3a9
phosphatidylcholine,after,5,0.123881369,0.00112594,0.001126,2496,4268f7c9f90155316b2f7b44c002326f838fd8dd6f9f6f2a4fb6702555afd56c
phosphatidylcholine,before,5,0.121648437,0.00114539,0.001146,2496,4268f7c9f90155316b2f7b44c002326f838fd8dd6f9f6f2a4fb6702555afd56c
amino_acid_scaling_09c_077a,after,5,0.073770539,0.00017407,0.000179,9,06d22e6210f8c3a61e416aa0f2e5242458505bc08571de2b15619f39d40bae80
amino_acid_scaling_09c_077a,before,5,0.074599099,0.000177125,0.000183,9,06d22e6210f8c3a61e416aa0f2e5242458505bc08571de2b15619f39d40bae80
homogeneous_path_127b,after,5,0.02555369,0.000340387,0.00034,130,9da28fb9576ca091817fb7acae28a91291c32ab9fd55395fdabf9eed60b399e7
homogeneous_path_127b,before,5,0.026134307,0.0003569,0.000357,130,9da28fb9576ca091817fb7acae28a91291c32ab9fd55395fdabf9eed60b399e7
homogeneous_path_129b,after,5,0.019261556,0.000270167,0.00027,5,49c5a5237cd5c9d73ec79d410484417691ea523f199e2601a7a77e85319e3327
homogeneous_path_129b,before,5,0.019141136,0.000258192,0.000258,5,49c5a5237cd5c9d73ec79d410484417691ea523f199e2601a7a77e85319e3327
ketoconazole,before,6,0.006742427,0.000551417,0.000551,726,1ffee22e423d5027741d113d93851a5e72ff8ffca0cca96d311ad6bd08af802f
ketoconazole,after,6,0.006611415,0.000549264,0.00055,726,1ffee22e423d5027741d113d93851a5e72ff8ffca0cca96d311ad6bd08af802f
Ceftiolene,before,6,0.003855075,0.00321853,0.003219,2210,6ec499234d030a63c12337ad1e6456d4de5b6467a7190a5046be45ff4c46ee68
Ceftiolene,after,6,0.003656119,0.00319204,0.003192,2210,6ec499234d030a63c12337ad1e6456d4de5b6467a7190a5046be45ff4c46ee68
erythromycin,before,6,0.576638556,0.0243856,0.018759,13435,c505cef4783ee22e4fb73c81dc024cf5651bedd936a7285ecf827ca694af9eac
erythromycin,after,6,0.783601421,0.0170287,0.017027,13435,c505cef4783ee22e4fb73c81dc024cf5651bedd936a7285ecf827ca694af9eac
clarithromycin,before,6,3.450484954,0.0199126,0.019855,15619,4831964823c9b9d63c76ec777017fba0a98edb5d08fbe2250c6153f31eacc3a9
clarithromycin,after,6,3.27223756,0.0201362,0.020136,15619,4831964823c9b9d63c76ec777017fba0a98edb5d08fbe2250c6153f31eacc3a9
phosphatidylcholine,before,6,0.364392784,0.00209736,0.002102,2496,4268f7c9f90155316b2f7b44c002326f838fd8dd6f9f6f2a4fb6702555afd56c
phosphatidylcholine,after,6,0.359325032,0.0020479,0.00203,2496,4268f7c9f90155316b2f7b44c002326f838fd8dd6f9f6f2a4fb6702555afd56c
amino_acid_scaling_09c_077a,before,6,0.215990039,0.000307329,0.000307,9,06d22e6210f8c3a61e416aa0f2e5242458505bc08571de2b15619f39d40bae80
amino_acid_scaling_09c_077a,after,6,0.190204854,0.000308313,0.000308,9,06d22e6210f8c3a61e416aa0f2e5242458505bc08571de2b15619f39d40bae80
homogeneous_path_127b,before,6,0.098251486,0.000850162,0.000858,130,9da28fb9576ca091817fb7acae28a91291c32ab9fd55395fdabf9eed60b399e7
homogeneous_path_127b,after,6,0.12064102,0.000895592,0.000895,130,9da28fb9576ca091817fb7acae28a91291c32ab9fd55395fdabf9eed60b399e7
homogeneous_path_129b,before,6,0.072246211,0.000840824,0.00072,5,49c5a5237cd5c9d73ec79d410484417691ea523f199e2601a7a77e85319e3327
homogeneous_path_129b,after,6,0.065076739,0.000668801,0.000669,5,49c5a5237cd5c9d73ec79d410484417691ea523f199e2601a7a77e85319e3327
ketoconazole,after,7,0.031814689,0.00142718,0.001432,726,1ffee22e423d5027741d113d93851a5e72ff8ffca0cca96d311ad6bd08af802f
ketoconazole,before,7,0.03838259,0.000984886,0.000987,726,1ffee22e423d5027741d113d93851a5e72ff8ffca0cca96d311ad6bd08af802f
Ceftiolene,after,7,0.008622217,0.00693909,0.005515,2210,6ec499234d030a63c12337ad1e6456d4de5b6467a7190a5046be45ff4c46ee68
Ceftiolene,before,7,0.012915244,0.00769367,0.005521,2210,6ec499234d030a63c12337ad1e6456d4de5b6467a7190a5046be45ff4c46ee68
erythromycin,after,7,0.89537952,0.0108041,0.010784,13435,c505cef4783ee22e4fb73c81dc024cf5651bedd936a7285ecf827ca694af9eac
erythromycin,before,7,0.570526851,0.0164734,0.015611,13435,c505cef4783ee22e4fb73c81dc024cf5651bedd936a7285ecf827ca694af9eac
clarithromycin,after,7,1.367924039,0.012113,0.012113,15619,4831964823c9b9d63c76ec777017fba0a98edb5d08fbe2250c6153f31eacc3a9
clarithromycin,before,7,2.808946455,0.0221767,0.02039,15619,4831964823c9b9d63c76ec777017fba0a98edb5d08fbe2250c6153f31eacc3a9
phosphatidylcholine,after,7,0.342260344,0.0021618,0.002131,2496,4268f7c9f90155316b2f7b44c002326f838fd8dd6f9f6f2a4fb6702555afd56c
phosphatidylcholine,before,7,0.303030598,0.00286528,0.002195,2496,4268f7c9f90155316b2f7b44c002326f838fd8dd6f9f6f2a4fb6702555afd56c
amino_acid_scaling_09c_077a,after,7,0.189514432,0.000314526,0.000314,9,06d22e6210f8c3a61e416aa0f2e5242458505bc08571de2b15619f39d40bae80
amino_acid_scaling_09c_077a,before,7,0.195651065,0.000292843,0.000283,9,06d22e6210f8c3a61e416aa0f2e5242458505bc08571de2b15619f39d40bae80
homogeneous_path_127b,after,7,0.061188748,0.000635102,0.000624,130,9da28fb9576ca091817fb7acae28a91291c32ab9fd55395fdabf9eed60b399e7
homogeneous_path_127b,before,7,0.060583558,0.000682039,0.000676,130,9da28fb9576ca091817fb7acae28a91291c32ab9fd55395fdabf9eed60b399e7
homogeneous_path_129b,after,7,0.048834608,0.000547913,0.000558,5,49c5a5237cd5c9d73ec79d410484417691ea523f199e2601a7a77e85319e3327
homogeneous_path_129b,before,7,0.043840813,0.00051308,0.000512,5,49c5a5237cd5c9d73ec79d410484417691ea523f199e2601a7a77e85319e3327
ketoconazole,before,8,0.021982631,0.0011414,0.001153,726,1ffee22e423d5027741d113d93851a5e72ff8ffca0cca96d311ad6bd08af802f
ketoconazole,after,8,0.02482656,0.00102616,0.001035,726,1ffee22e423d5027741d113d93851a5e72ff8ffca0cca96d311ad6bd08af802f
Ceftiolene,before,8,0.017776063,0.00918976,0.005754,2210,6ec499234d030a63c12337ad1e6456d4de5b6467a7190a5046be45ff4c46ee68
Ceftiolene,after,8,0.012096805,0.00880591,0.005299,2210,6ec499234d030a63c12337ad1e6456d4de5b6467a7190a5046be45ff4c46ee68
erythromycin,before,8,1.056883985,0.0349423,0.018122,13435,c505cef4783ee22e4fb73c81dc024cf5651bedd936a7285ecf827ca694af9eac
erythromycin,after,8,0.948230294,0.0178079,0.017807,13435,c505cef4783ee22e4fb73c81dc024cf5651bedd936a7285ecf827ca694af9eac
clarithromycin,before,8,2.566243455,0.0128602,0.012866,15619,4831964823c9b9d63c76ec777017fba0a98edb5d08fbe2250c6153f31eacc3a9
clarithromycin,after,8,1.441587192,0.0262635,0.020949,15619,4831964823c9b9d63c76ec777017fba0a98edb5d08fbe2250c6153f31eacc3a9
phosphatidylcholine,before,8,0.435147089,0.00213459,0.002126,2496,4268f7c9f90155316b2f7b44c002326f838fd8dd6f9f6f2a4fb6702555afd56c
phosphatidylcholine,after,8,0.369715138,0.00199818,0.001998,2496,4268f7c9f90155316b2f7b44c002326f838fd8dd6f9f6f2a4fb6702555afd56c
amino_acid_scaling_09c_077a,before,8,0.2207809,0.000333877,0.000333,9,06d22e6210f8c3a61e416aa0f2e5242458505bc08571de2b15619f39d40bae80
amino_acid_scaling_09c_077a,after,8,0.282483011,0.000414137,0.000414,9,06d22e6210f8c3a61e416aa0f2e5242458505bc08571de2b15619f39d40bae80
homogeneous_path_127b,before,8,0.127522757,0.00089003,0.000889,130,9da28fb9576ca091817fb7acae28a91291c32ab9fd55395fdabf9eed60b399e7
homogeneous_path_127b,after,8,0.133631021,0.000638185,0.000638,130,9da28fb9576ca091817fb7acae28a91291c32ab9fd55395fdabf9eed60b399e7
homogeneous_path_129b,before,8,0.072604887,0.00152629,0.000558,5,49c5a5237cd5c9d73ec79d410484417691ea523f199e2601a7a77e85319e3327
homogeneous_path_129b,after,8,0.071536019,0.000513685,0.000513,5,49c5a5237cd5c9d73ec79d410484417691ea523f199e2601a7a77e85319e3327
ketoconazole,after,9,0.027705386,0.00239838,0.001141,726,1ffee22e423d5027741d113d93851a5e72ff8ffca0cca96d311ad6bd08af802f
ketoconazole,before,9,0.028084391,0.00115936,0.001141,726,1ffee22e423d5027741d113d93851a5e72ff8ffca0cca96d311ad6bd08af802f
Ceftiolene,after,9,0.01742562,0.00967644,0.005411,2210,6ec499234d030a63c12337ad1e6456d4de5b6467a7190a5046be45ff4c46ee68
Ceftiolene,before,9,0.015964041,0.00539963,0.00536,2210,6ec499234d030a63c12337ad1e6456d4de5b6467a7190a5046be45ff4c46ee68
erythromycin,after,9,0.900603399,0.017424,0.017423,13435,c505cef4783ee22e4fb73c81dc024cf5651bedd936a7285ecf827ca694af9eac
erythromycin,before,9,0.998805135,0.0374068,0.018744,13435,c505cef4783ee22e4fb73c81dc024cf5651bedd936a7285ecf827ca694af9eac
clarithromycin,after,9,2.607211065,0.0175182,0.017518,15619,4831964823c9b9d63c76ec777017fba0a98edb5d08fbe2250c6153f31eacc3a9
clarithromycin,before,9,2.139314588,0.0222511,0.02071,15619,4831964823c9b9d63c76ec777017fba0a98edb5d08fbe2250c6153f31eacc3a9
phosphatidylcholine,after,9,0.351994162,0.002071,0.002074,2496,4268f7c9f90155316b2f7b44c002326f838fd8dd6f9f6f2a4fb6702555afd56c
phosphatidylcholine,before,9,0.370567775,0.0021445,0.002144,2496,4268f7c9f90155316b2f7b44c002326f838fd8dd6f9f6f2a4fb6702555afd56c
amino_acid_scaling_09c_077a,after,9,0.222752453,0.000319543,0.000318,9,06d22e6210f8c3a61e416aa0f2e5242458505bc08571de2b15619f39d40bae80
amino_acid_scaling_09c_077a,before,9,0.222834084,0.000314696,0.000315,9,06d22e6210f8c3a61e416aa0f2e5242458505bc08571de2b15619f39d40bae80
homogeneous_path_127b,after,9,0.068904717,0.000652429,0.000652,130,9da28fb9576ca091817fb7acae28a91291c32ab9fd55395fdabf9eed60b399e7
homogeneous_path_127b,before,9,0.078862017,0.000662864,0.000664,130,9da28fb9576ca091817fb7acae28a91291c32ab9fd55395fdabf9eed60b399e7
homogeneous_path_129b,after,9,0.042841491,0.00050696,0.00052,5,49c5a5237cd5c9d73ec79d410484417691ea523f199e2601a7a77e85319e3327
homogeneous_path_129b,before,9,0.041946568,0.000727817,0.00055,5,49c5a5237cd5c9d73ec79d410484417691ea523f199e2601a7a77e85319e3327
