name,input,expectation,bonds,expected_assembly_index,trivial_upper_bound,trail_repair_upper_bound,graph_repair_upper_bound,improvement,gap_to_reference,median_algorithm_seconds,construction_valid
113,unitTests/113.mol,reviewed,13,8,12,9,8,4,0,6.081e-05,True
164,unitTests/164.mol,reviewed,14,9,13,10,10,3,1,2.6675e-05,True
166,unitTests/166.mol,reviewed,14,8,13,10,9,4,1,3.7429e-05,True
174,unitTests/174.mol,reviewed,13,8,12,10,8,4,0,3.1731e-05,True
176,unitTests/176.mol,reviewed,15,8,14,12,9,5,1,3.8717e-05,True
193,unitTests/193.mol,reviewed,13,9,12,11,9,3,0,3.3253e-05,True
194,unitTests/194.mol,reviewed,13,9,12,10,10,2,1,2.0955e-05,True
207,unitTests/207.mol,reviewed,13,7,12,11,9,3,2,2.7123e-05,True
214,unitTests/214.mol,reviewed,13,9,12,10,9,3,0,3.494e-05,True
236,unitTests/236.mol,reviewed,13,8,12,11,8,4,0,2.6621e-05,True
264,unitTests/264.mol,reviewed,15,8,14,11,10,4,2,2.8238e-05,True
270,unitTests/270.mol,reviewed,15,8,14,12,8,6,0,4.2752e-05,True
292,unitTests/292.mol,reviewed,13,9,12,11,10,2,1,2.2225e-05,True
313,unitTests/313.mol,reviewed,14,9,13,10,10,3,1,2.4057e-05,True
320,unitTests/320.mol,reviewed,14,9,13,10,10,3,1,2.7739e-05,True
321,unitTests/321.mol,reviewed,14,8,13,11,10,3,2,2.3713e-05,True
346,unitTests/346.mol,reviewed,13,9,12,10,9,3,0,4.0735e-05,True
362,unitTests/362.mol,reviewed,14,9,13,11,10,3,1,2.6927e-05,True
367,unitTests/367.mol,reviewed,10,8,9,8,8,1,0,1.6433e-05,True
368,unitTests/368.mol,reviewed,15,8,14,11,10,4,2,3.1566e-05,True
373,unitTests/373.mol,reviewed,10,8,9,8,8,1,0,1.5046e-05,True
396,unitTests/396.mol,reviewed,14,7,13,10,9,4,2,3.0382e-05,True
406,unitTests/406.mol,reviewed,14,8,13,10,9,4,1,3.2403e-05,True
407,unitTests/407.mol,reviewed,14,8,13,10,9,4,1,2.937e-05,True
413,unitTests/413.mol,reviewed,10,8,9,8,8,1,0,1.4855e-05,True
424,unitTests/424.mol,reviewed,15,8,14,10,9,5,1,3.2033e-05,True
445,unitTests/445.mol,reviewed,13,8,12,9,9,3,1,2.3882e-05,True
447,unitTests/447.mol,reviewed,14,8,13,10,9,4,1,3.4998e-05,True
465,unitTests/465.mol,reviewed,12,8,11,8,9,2,1,1.4573e-05,True
480,unitTests/480.mol,reviewed,14,8,13,10,10,3,2,2.3308e-05,True
522,unitTests/522.mol,reviewed,15,6,14,11,7,7,1,3.858e-05,True
536,unitTests/536.mol,reviewed,14,8,13,10,9,4,1,3.6272e-05,True
554,unitTests/554.mol,reviewed,13,8,12,10,9,3,1,2.3787e-05,True
558,unitTests/558.mol,reviewed,14,8,13,12,9,4,1,3.1414e-05,True
570,unitTests/570.mol,reviewed,13,9,12,11,9,3,0,2.9762e-05,True
572,unitTests/572.mol,reviewed,13,9,12,10,9,3,0,2.7922e-05,True
579,unitTests/579.mol,reviewed,14,8,13,11,8,5,0,2.8722e-05,True
636,unitTests/636.mol,reviewed,13,8,12,10,8,4,0,3.6029e-05,True
655,unitTests/655.mol,reviewed,14,8,13,12,8,5,0,5.0621e-05,True
675,unitTests/675.mol,reviewed,13,9,12,10,10,2,1,2.7133e-05,True
729,unitTests/729.mol,reviewed,13,8,12,10,9,3,1,2.252e-05,True
730,unitTests/730.mol,reviewed,13,8,12,10,9,3,1,2.0205e-05,True
731,unitTests/731.mol,reviewed,13,8,12,10,9,3,1,1.9263e-05,True
732,unitTests/732.mol,reviewed,13,8,12,10,9,3,1,1.8859e-05,True
743,unitTests/743.mol,reviewed,14,8,13,11,9,4,1,3.1748e-05,True
770,unitTests/770.mol,reviewed,13,9,12,11,9,3,0,2.568e-05,True
774,unitTests/774.mol,reviewed,13,8,12,11,8,4,0,4.1149e-05,True
825,unitTests/825.mol,reviewed,10,8,9,9,8,1,0,1.6944e-05,True
858,unitTests/858.mol,reviewed,10,8,9,8,8,1,0,1.3704e-05,True
867,unitTests/867.mol,reviewed,13,8,12,10,9,3,1,2.3099e-05,True
886,unitTests/886.mol,reviewed,13,8,12,10,8,4,0,2.9014e-05,True
906,unitTests/906.mol,reviewed,17,9,16,11,10,6,1,2.7548e-05,True
926,unitTests/926.mol,reviewed,13,8,12,11,9,3,1,1.5109e-05,True
928,unitTests/928.mol,reviewed,13,8,12,11,9,3,1,1.2571e-05,True
934,unitTests/934.mol,reviewed,14,9,13,11,10,3,1,2.4911e-05,True
938,unitTests/938.mol,reviewed,14,9,13,12,9,4,0,3.792e-05,True
940,unitTests/940.mol,reviewed,12,9,11,10,10,1,1,1.4317e-05,True
941,unitTests/941.mol,reviewed,13,9,12,10,10,2,1,1.3019e-05,True
1053,unitTests/1053.mol,reviewed,14,8,13,10,8,5,0,2.9848e-05,True
1108,unitTests/1108.mol,reviewed,12,10,11,11,10,1,0,1.1474e-05,True
1149,unitTests/1149.mol,reviewed,14,9,13,12,10,3,1,2.7006e-05,True
1151,unitTests/1151.mol,reviewed,13,7,12,12,7,5,0,2.6065e-05,True
1209,unitTests/1209.mol,reviewed,14,8,13,9,10,3,2,2.0679e-05,True
1220,unitTests/1220.mol,reviewed,14,8,13,13,8,5,0,3.2854e-05,True
1236,unitTests/1236.mol,reviewed,22,9,21,11,10,11,1,4.9173e-05,True
1238,unitTests/1238.mol,reviewed,11,9,10,10,9,1,0,1.3589e-05,True
1253,unitTests/1253.mol,reviewed,14,9,13,11,10,3,1,2.059e-05,True
1268,unitTests/1268.mol,reviewed,10,8,9,9,8,1,0,1.0971e-05,True
1270,unitTests/1270.mol,reviewed,16,7,15,10,7,8,0,4.1575e-05,True
1275,unitTests/1275.mol,reviewed,14,8,13,10,8,5,0,2.9962e-05,True
1329,unitTests/1329.mol,reviewed,11,9,10,10,9,1,0,1.3097e-05,True
1330,unitTests/1330.mol,reviewed,13,9,12,11,10,2,1,1.8882e-05,True
1336,unitTests/1336.mol,reviewed,13,9,12,11,10,2,1,1.8138e-05,True
1351,unitTests/1351.mol,reviewed,16,8,15,13,9,6,1,3.0624e-05,True
1353,unitTests/1353.mol,reviewed,13,8,12,11,8,4,0,2.5715e-05,True
1388,unitTests/1388.mol,reviewed,13,8,12,12,9,3,1,2.3219e-05,True
1389,unitTests/1389.mol,reviewed,13,9,12,11,9,3,0,2.8054e-05,True
1398,unitTests/1398.mol,reviewed,10,8,9,9,8,1,0,1.2332e-05,True
1427,unitTests/1427.mol,reviewed,15,8,14,12,9,5,1,2.251e-05,True
1444,unitTests/1444.mol,reviewed,13,8,12,10,8,4,0,2.2662e-05,True
1447,unitTests/1447.mol,reviewed,14,8,13,10,10,3,2,2.1329e-05,True
1449,unitTests/1449.mol,reviewed,14,8,13,11,9,4,1,1.8036e-05,True
1450,unitTests/1450.mol,reviewed,14,8,13,11,9,4,1,1.5539e-05,True
1452,unitTests/1452.mol,reviewed,13,8,12,10,9,3,1,1.7635e-05,True
1471,unitTests/1471.mol,reviewed,14,8,13,10,8,5,0,2.3597e-05,True
1475,unitTests/1475.mol,reviewed,13,8,12,10,9,3,1,1.8624e-05,True
1486,unitTests/1486.mol,reviewed,14,8,13,11,9,4,1,1.9384e-05,True
1508,unitTests/1508.mol,reviewed,13,8,12,9,8,4,0,2.381e-05,True
1510,unitTests/1510.mol,reviewed,14,8,13,11,9,4,1,2.3995e-05,True
1539,unitTests/1539.mol,reviewed,11,9,10,10,9,1,0,1.1122e-05,True
1588,unitTests/1588.mol,reviewed,15,9,14,10,10,4,1,2.0412e-05,True
1596,unitTests/1596.mol,reviewed,15,9,14,11,9,5,0,2.4337e-05,True
1606,unitTests/1606.mol,reviewed,15,9,14,10,10,4,1,2.0589e-05,True
1614,unitTests/1614.mol,reviewed,16,8,15,12,8,7,0,2.5581e-05,True
1618,unitTests/1618.mol,reviewed,16,8,15,12,10,5,2,2.3075e-05,True
1623,unitTests/1623.mol,reviewed,15,9,14,12,9,5,0,2.1096e-05,True
1624,unitTests/1624.mol,reviewed,16,8,15,11,10,5,2,3.131e-05,True
1629,unitTests/1629.mol,reviewed,15,10,14,12,11,3,1,1.447e-05,True
1637,unitTests/1637.mol,reviewed,15,9,14,10,10,4,1,1.9321e-05,True
1646,unitTests/1646.mol,reviewed,15,9,14,12,9,5,0,3.0076e-05,True
1667,unitTests/1667.mol,reviewed,16,9,15,12,10,5,1,3.139e-05,True
1679,unitTests/1679.mol,reviewed,16,9,15,13,11,4,2,1.9703e-05,True
1680,unitTests/1680.mol,reviewed,11,9,10,10,9,1,0,1.3591e-05,True
1691,unitTests/1691.mol,reviewed,15,9,14,11,10,4,1,2.2031e-05,True
1693,unitTests/1693.mol,reviewed,14,9,13,11,9,4,0,2.0563e-05,True
1698,unitTests/1698.mol,reviewed,15,9,14,9,10,4,1,1.6418e-05,True
1712,unitTests/1712.mol,reviewed,15,8,14,10,9,5,1,2.425e-05,True
1714,unitTests/1714.mol,reviewed,15,9,14,9,9,5,0,2.1578e-05,True
1716,unitTests/1716.mol,reviewed,15,9,14,11,11,3,2,1.7339e-05,True
1725,unitTests/1725.mol,reviewed,16,9,15,12,11,4,2,1.9951e-05,True
1726,unitTests/1726.mol,reviewed,16,9,15,12,11,4,2,1.7467e-05,True
1727,unitTests/1727.mol,reviewed,16,9,15,12,11,4,2,1.5831e-05,True
1728,unitTests/1728.mol,reviewed,15,9,14,10,10,4,1,1.8396e-05,True
1746,unitTests/1746.mol,reviewed,15,9,14,12,9,5,0,2.1558e-05,True
1752,unitTests/1752.mol,reviewed,15,9,14,11,10,4,1,1.7627e-05,True
1753,unitTests/1753.mol,reviewed,15,8,14,10,9,5,1,2.0217e-05,True
1759,unitTests/1759.mol,reviewed,15,9,14,10,9,5,0,1.9254e-05,True
1765,unitTests/1765.mol,reviewed,16,9,15,13,11,4,2,1.8051e-05,True
1767,unitTests/1767.mol,reviewed,10,8,9,8,8,1,0,1.1315e-05,True
1785,unitTests/1785.mol,reviewed,14,9,13,9,10,3,1,1.3959e-05,True
1801,unitTests/1801.mol,reviewed,15,9,14,12,10,4,1,2.1768e-05,True
1802,unitTests/1802.mol,reviewed,15,9,14,11,10,4,1,2.2753e-05,True
1805,unitTests/1805.mol,reviewed,15,8,14,12,9,5,1,2.2019e-05,True
1808,unitTests/1808.mol,reviewed,15,8,14,12,9,5,1,2.081e-05,True
1809,unitTests/1809.mol,reviewed,15,8,14,10,8,6,0,3.0194e-05,True
1810,unitTests/1810.mol,reviewed,15,8,14,11,9,5,1,2.1579e-05,True
1823,unitTests/1823.mol,reviewed,11,9,10,10,10,0,1,7.486e-06,True
1829,unitTests/1829.mol,reviewed,15,9,14,11,9,5,0,3.1496e-05,True
1834,unitTests/1834.mol,reviewed,15,8,14,12,10,4,2,2.4912e-05,True
1837,unitTests/1837.mol,reviewed,15,9,14,11,10,4,1,2.0235e-05,True
1840,unitTests/1840.mol,reviewed,15,9,14,11,10,4,1,2.0074e-05,True
1845,unitTests/1845.mol,reviewed,13,8,12,10,9,3,1,2.1883e-05,True
1903,unitTests/1903.mol,reviewed,12,8,11,8,8,3,0,2.0204e-05,True
1910,unitTests/1910.mol,reviewed,12,9,11,11,9,2,0,1.8537e-05,True
1912,unitTests/1912.mol,reviewed,15,9,14,11,10,4,1,2.5366e-05,True
1943,unitTests/1943.mol,reviewed,16,9,15,12,10,5,1,2.8913e-05,True
1959,unitTests/1959.mol,reviewed,16,8,15,10,9,6,1,3.052e-05,True
1964,unitTests/1964.mol,reviewed,16,8,15,11,8,7,0,3.2689e-05,True
1969,unitTests/1969.mol,reviewed,16,8,15,10,8,7,0,3.122e-05,True
2003,unitTests/2003.mol,reviewed,13,9,12,11,9,3,0,2.2882e-05,True
2013,unitTests/2013.mol,reviewed,15,9,14,12,10,4,1,2.4104e-05,True
2014,unitTests/2014.mol,reviewed,15,9,14,11,10,4,1,2.1882e-05,True
2016,unitTests/2016.mol,reviewed,15,9,14,10,9,5,0,2.8022e-05,True
2028,unitTests/2028.mol,reviewed,15,9,14,11,10,4,1,1.8911e-05,True
2038,unitTests/2038.mol,reviewed,16,8,15,11,8,7,0,3.2639e-05,True
2042,unitTests/2042.mol,reviewed,11,9,10,10,10,0,1,8.497e-06,True
2044,unitTests/2044.mol,reviewed,16,9,15,10,10,5,1,3.0081e-05,True
2046,unitTests/2046.mol,reviewed,16,8,15,12,9,6,1,3.7334e-05,True
2072,unitTests/2072.mol,reviewed,16,8,15,11,10,5,2,3.1028e-05,True
2081,unitTests/2081.mol,reviewed,16,8,15,10,9,6,1,2.9672e-05,True
2105,unitTests/2105.mol,reviewed,16,8,15,10,9,6,1,2.9032e-05,True
2125,unitTests/2125.mol,reviewed,16,8,15,12,10,5,2,3.4703e-05,True
2129,unitTests/2129.mol,reviewed,15,9,14,11,11,3,2,1.6606e-05,True
2131,unitTests/2131.mol,reviewed,17,8,16,10,10,6,2,2.9298e-05,True
2140,unitTests/2140.mol,reviewed,15,9,14,13,9,5,0,3.091e-05,True
2148,unitTests/2148.mol,reviewed,18,8,17,13,8,9,0,4.8848e-05,True
2150,unitTests/2150.mol,reviewed,18,8,17,11,9,8,1,3.5668e-05,True
2155,unitTests/2155.mol,reviewed,15,8,14,10,9,5,1,2.4092e-05,True
2161,unitTests/2161.mol,reviewed,15,9,14,10,9,5,0,2.3329e-05,True
2162,unitTests/2162.mol,reviewed,15,9,14,9,9,5,0,3.0202e-05,True
2166,unitTests/2166.mol,reviewed,15,9,14,12,9,5,0,2.7396e-05,True
2176,unitTests/2176.mol,reviewed,16,8,15,9,8,7,0,4.2067e-05,True
2185,unitTests/2185.mol,reviewed,15,9,14,12,9,5,0,2.7866e-05,True
2188,unitTests/2188.mol,reviewed,16,8,15,12,10,5,2,2.0099e-05,True
2199,unitTests/2199.mol,reviewed,15,9,14,11,10,4,1,2.4473e-05,True
2208,unitTests/2208.mol,reviewed,13,9,12,10,9,3,0,2.0315e-05,True
2217,unitTests/2217.mol,reviewed,15,9,14,11,9,5,0,2.3067e-05,True
2221,unitTests/2221.mol,reviewed,14,9,13,11,10,3,1,1.4588e-05,True
2230,unitTests/2230.mol,reviewed,16,9,15,14,9,6,0,3.1218e-05,True
2235,unitTests/2235.mol,reviewed,15,9,14,11,9,5,0,2.2671e-05,True
2237,unitTests/2237.mol,reviewed,15,9,14,10,9,5,0,1.9996e-05,True
2239,unitTests/2239.mol,reviewed,16,9,15,12,9,6,0,3.499e-05,True
2243,unitTests/2243.mol,reviewed,15,9,14,10,9,5,0,2.2899e-05,True
2254,unitTests/2254.mol,reviewed,15,9,14,11,11,3,2,1.6058e-05,True
2261,unitTests/2261.mol,reviewed,15,9,14,11,10,4,1,2.3419e-05,True
2263,unitTests/2263.mol,reviewed,15,9,14,11,9,5,0,2.107e-05,True
2264,unitTests/2264.mol,reviewed,15,9,14,11,9,5,0,1.9245e-05,True
2277,unitTests/2277.mol,reviewed,16,9,15,12,10,5,1,2.7808e-05,True
2287,unitTests/2287.mol,reviewed,16,9,15,12,10,5,1,3.0905e-05,True
2288,unitTests/2288.mol,reviewed,15,9,14,11,9,5,0,2.144e-05,True
2305,unitTests/2305.mol,reviewed,16,9,15,9,9,6,0,3.3193e-05,True
2312,unitTests/2312.mol,reviewed,16,10,15,13,11,4,1,2.7704e-05,True
2324,unitTests/2324.mol,reviewed,16,9,15,12,11,4,2,2.2069e-05,True
2334,unitTests/2334.mol,reviewed,15,9,14,10,10,4,1,1.9102e-05,True
2351,unitTests/2351.mol,reviewed,18,8,17,12,9,8,1,3.5219e-05,True
2352,unitTests/2352.mol,reviewed,17,7,16,12,8,8,1,4.9196e-05,True
2366,unitTests/2366.mol,reviewed,15,9,14,11,9,5,0,2.529e-05,True
2368,unitTests/2368.mol,reviewed,15,9,14,12,10,4,1,2.3133e-05,True
2380,unitTests/2380.mol,reviewed,16,9,15,11,10,5,1,2.5841e-05,True
2390,unitTests/2390.mol,reviewed,15,9,14,13,9,5,0,2.2094e-05,True
2393,unitTests/2393.mol,reviewed,15,9,14,11,10,4,1,2.3584e-05,True
2399,unitTests/2399.mol,reviewed,15,9,14,10,10,4,1,2.0045e-05,True
2414,unitTests/2414.mol,reviewed,15,9,14,11,10,4,1,2.1941e-05,True
2424,unitTests/2424.mol,reviewed,17,9,16,13,9,7,0,4.8353e-05,True
2425,unitTests/2425.mol,reviewed,15,9,14,11,9,5,0,3.0189e-05,True
2454,unitTests/2454.mol,reviewed,15,9,14,11,9,5,0,2.4929e-05,True
2459,unitTests/2459.mol,reviewed,15,9,14,11,10,4,1,2.6932e-05,True
2467,unitTests/2467.mol,reviewed,14,9,13,9,9,4,0,2.1784e-05,True
2468,unitTests/2468.mol,reviewed,14,9,13,11,10,3,1,1.4664e-05,True
2478,unitTests/2478.mol,reviewed,12,9,11,9,9,2,0,1.398e-05,True
2497,unitTests/2497.mol,reviewed,14,8,13,11,8,5,0,2.1486e-05,True
2499,unitTests/2499.mol,reviewed,16,8,15,11,10,5,2,2.3654e-05,True
2508,unitTests/2508.mol,reviewed,15,8,14,12,8,6,0,2.6278e-05,True
2510,unitTests/2510.mol,reviewed,14,9,13,11,9,4,0,1.8988e-05,True
2512,unitTests/2512.mol,reviewed,15,9,14,12,9,5,0,2.4465e-05,True
2532,unitTests/2532.mol,reviewed,15,9,14,11,10,4,1,1.9527e-05,True
2537,unitTests/2537.mol,reviewed,15,9,14,12,10,4,1,1.847e-05,True
2543,unitTests/2543.mol,reviewed,16,7,15,10,7,8,0,2.9828e-05,True
2544,unitTests/2544.mol,reviewed,15,9,14,12,11,3,2,1.5265e-05,True
2560,unitTests/2560.mol,reviewed,16,8,15,10,9,6,1,2.5274e-05,True
2577,unitTests/2577.mol,reviewed,15,9,14,12,10,4,1,1.9074e-05,True
2607,unitTests/2607.mol,reviewed,14,8,13,9,9,4,1,1.4739e-05,True
2609,unitTests/2609.mol,reviewed,14,8,13,10,9,4,1,1.8453e-05,True
2611,unitTests/2611.mol,reviewed,16,9,15,12,10,5,1,2.2941e-05,True
2619,unitTests/2619.mol,reviewed,14,8,13,8,8,5,0,1.6036e-05,True
2624,unitTests/2624.mol,reviewed,14,9,13,11,10,3,1,1.4307e-05,True
2626,unitTests/2626.mol,reviewed,11,9,10,9,9,1,0,1.0748e-05,True
2635,unitTests/2635.mol,reviewed,15,9,14,12,10,4,1,2.053e-05,True
2640,unitTests/2640.mol,reviewed,14,8,13,9,9,4,1,1.4308e-05,True
2649,unitTests/2649.mol,reviewed,16,8,15,12,9,6,1,3.1603e-05,True
2668,unitTests/2668.mol,reviewed,15,8,14,9,8,6,0,2.5721e-05,True
2677,unitTests/2677.mol,reviewed,14,9,13,11,10,3,1,1.4243e-05,True
2690,unitTests/2690.mol,reviewed,16,7,15,10,8,7,1,3.2868e-05,True
2693,unitTests/2693.mol,reviewed,16,8,15,12,9,6,1,2.9578e-05,True
2707,unitTests/2707.mol,reviewed,15,9,14,10,9,5,0,2.2446e-05,True
2731,unitTests/2731.mol,reviewed,13,8,12,9,9,3,1,1.6714e-05,True
2733,unitTests/2733.mol,reviewed,15,9,14,12,10,4,1,2.4294e-05,True
2740,unitTests/2740.mol,reviewed,15,7,14,11,10,4,3,2.0589e-05,True
2754,unitTests/2754.mol,reviewed,15,8,14,10,8,6,0,3.2207e-05,True
2763,unitTests/2763.mol,reviewed,14,9,13,11,10,3,1,1.5741e-05,True
2769,unitTests/2769.mol,reviewed,15,9,14,10,11,3,2,1.6923e-05,True
2772,unitTests/2772.mol,reviewed,15,8,14,9,8,6,0,3.0139e-05,True
2775,unitTests/2775.mol,reviewed,15,9,14,12,10,4,1,2.0969e-05,True
2779,unitTests/2779.mol,reviewed,13,8,12,10,9,3,1,1.7977e-05,True
2781,unitTests/2781.mol,reviewed,16,9,15,12,11,4,2,2.3086e-05,True
2783,unitTests/2783.mol,reviewed,16,9,15,12,10,5,1,2.8109e-05,True
2788,unitTests/2788.mol,reviewed,15,8,14,10,9,5,1,2.2378e-05,True
2789,unitTests/2789.mol,reviewed,15,8,14,10,9,5,1,1.9907e-05,True
2790,unitTests/2790.mol,reviewed,15,8,14,11,9,5,1,1.8811e-05,True
2791,unitTests/2791.mol,reviewed,15,8,14,11,9,5,1,1.6164e-05,True
2792,unitTests/2792.mol,reviewed,15,8,14,11,9,5,1,1.4874e-05,True
2797,unitTests/2797.mol,reviewed,15,8,14,12,9,5,1,3.3353e-05,True
2809,unitTests/2809.mol,reviewed,15,9,14,12,11,3,2,2.2121e-05,True
2815,unitTests/2815.mol,reviewed,15,9,14,12,10,4,1,2.0122e-05,True
2816,unitTests/2816.mol,reviewed,15,9,14,12,11,3,2,1.6812e-05,True
2817,unitTests/2817.mol,reviewed,15,9,14,11,10,4,1,1.9353e-05,True
2819,unitTests/2819.mol,reviewed,15,8,14,12,9,5,1,2.7701e-05,True
2854,unitTests/2854.mol,reviewed,12,9,11,10,9,2,0,1.8548e-05,True
2873,unitTests/2873.mol,reviewed,16,9,15,11,9,6,0,4.2199e-05,True
2878,unitTests/2878.mol,reviewed,11,5,10,6,5,5,0,1.6597e-05,True
2882,unitTests/2882.mol,reviewed,15,9,14,11,9,5,0,2.8631e-05,True
2917,unitTests/2917.mol,reviewed,18,7,17,12,7,10,0,4.0567e-05,True
2931,unitTests/2931.mol,reviewed,18,7,17,10,7,10,0,4.1518e-05,True
2932,unitTests/2932.mol,reviewed,15,9,14,12,9,5,0,2.9582e-05,True
2949,unitTests/2949.mol,reviewed,11,7,10,9,8,2,1,1.2964e-05,True
2957,unitTests/2957.mol,reviewed,15,9,14,10,9,5,0,2.7298e-05,True
2958,unitTests/2958.mol,reviewed,16,9,15,12,10,5,1,3.2307e-05,True
2963,unitTests/2963.mol,reviewed,18,8,17,10,9,8,1,2.9957e-05,True
2964,unitTests/2964.mol,reviewed,18,7,17,9,9,8,2,3.4996e-05,True
2973,unitTests/2973.mol,reviewed,15,9,14,10,11,3,2,2.0309e-05,True
2976,unitTests/2976.mol,reviewed,16,9,15,12,10,5,1,3.194e-05,True
2978,unitTests/2978.mol,reviewed,18,8,17,10,8,9,0,4.2705e-05,True
2991,unitTests/2991.mol,reviewed,11,9,10,10,9,1,0,1.1154e-05,True
3005,unitTests/3005.mol,reviewed,13,9,12,10,11,1,2,1.4754e-05,True
3013,unitTests/3013.mol,reviewed,13,8,12,11,9,3,1,2.278e-05,True
3016,unitTests/3016.mol,reviewed,10,8,9,9,8,1,0,1.0421e-05,True
3025,unitTests/3025.mol,reviewed,15,8,14,11,9,5,1,2.2761e-05,True
3027,unitTests/3027.mol,reviewed,13,9,12,11,9,3,0,2.0877e-05,True
3034,unitTests/3034.mol,reviewed,14,8,13,10,8,5,0,2.5001e-05,True
3064,unitTests/3064.mol,reviewed,14,8,13,11,9,4,1,2.2964e-05,True
3065,unitTests/3065.mol,reviewed,14,8,13,11,9,4,1,2.016e-05,True
3066,unitTests/3066.mol,reviewed,14,8,13,11,9,4,1,1.9029e-05,True
3118,unitTests/3118.mol,reviewed,14,9,13,12,10,3,1,2.3293e-05,True
3123,unitTests/3123.mol,reviewed,13,9,12,11,9,3,0,2.6078e-05,True
3154,unitTests/3154.mol,reviewed,13,8,12,9,8,4,0,2.7427e-05,True
3162,unitTests/3162.mol,reviewed,12,9,11,10,9,2,0,1.8996e-05,True
3173,unitTests/3173.mol,reviewed,13,8,12,10,9,3,1,1.8361e-05,True
3177,unitTests/3177.mol,reviewed,13,8,12,10,9,3,1,1.7966e-05,True
3188,unitTests/3188.mol,reviewed,14,8,13,10,10,3,2,1.9273e-05,True
3198,unitTests/3198.mol,reviewed,13,8,12,8,8,4,0,2.5397e-05,True
3199,unitTests/3199.mol,reviewed,13,8,12,8,8,4,0,2.1175e-05,True
3201,unitTests/3201.mol,reviewed,10,8,9,9,9,0,1,7.435e-06,True
3238,unitTests/3238.mol,reviewed,13,9,12,11,10,2,1,1.5834e-05,True
3270,unitTests/3270.mol,reviewed,15,8,14,11,8,6,0,3.4184e-05,True
3281,unitTests/3281.mol,reviewed,15,8,14,12,8,6,0,3.1736e-05,True
3295,unitTests/3295.mol,reviewed,13,9,12,11,10,2,1,1.4699e-05,True
3324,unitTests/3324.mol,reviewed,10,8,9,9,8,1,0,1.0402e-05,True
3341,unitTests/3341.mol,reviewed,14,8,13,10,8,5,0,2.458e-05,True
3347,unitTests/3347.mol,reviewed,13,9,12,11,9,3,0,2.5189e-05,True
3430,unitTests/3430.mol,reviewed,10,8,9,8,8,1,0,9.569e-06,True
3452,unitTests/3452.mol,reviewed,12,8,11,9,8,3,0,1.6804e-05,True
3485,unitTests/3485.mol,reviewed,16,9,15,11,10,5,1,2.8385e-05,True
3490,unitTests/3490.mol,reviewed,13,8,12,10,9,3,1,1.6199e-05,True
3496,unitTests/3496.mol,reviewed,12,8,11,9,9,2,1,1.1413e-05,True
3513,unitTests/3513.mol,reviewed,13,8,12,10,8,4,0,2.2256e-05,True
3523,unitTests/3523.mol,reviewed,12,9,11,10,10,1,1,1.3126e-05,True
3531,unitTests/3531.mol,reviewed,14,8,13,9,9,4,1,2.27e-05,True
3564,unitTests/3564.mol,reviewed,13,6,12,9,8,4,2,1.5055e-05,True
3576,unitTests/3576.mol,reviewed,16,9,15,13,10,5,1,2.449e-05,True
3632,unitTests/3632.mol,reviewed,10,8,9,9,8,1,0,1.1597e-05,True
3682,unitTests/3682.mol,reviewed,14,8,13,10,9,4,1,1.9976e-05,True
3685,unitTests/3685.mol,reviewed,13,8,12,10,8,4,0,2.1712e-05,True
3697,unitTests/3697.mol,reviewed,14,8,13,11,10,3,2,1.5302e-05,True
3698,unitTests/3698.mol,reviewed,14,8,13,11,10,3,2,1.359e-05,True
3713,unitTests/3713.mol,reviewed,13,9,12,10,10,2,1,1.2794e-05,True
3723,unitTests/3723.mol,reviewed,10,8,9,8,8,1,0,1.022e-05,True
3725,unitTests/3725.mol,reviewed,15,7,14,12,7,7,0,2.7881e-05,True
3730,unitTests/3730.mol,reviewed,15,7,14,12,7,7,0,2.4786e-05,True
3771,unitTests/3771.mol,reviewed,14,8,13,9,9,4,1,2.0274e-05,True
3772,unitTests/3772.mol,reviewed,14,8,13,11,8,5,0,3.5132e-05,True
3773,unitTests/3773.mol,reviewed,10,8,9,9,8,1,0,1.0904e-05,True
3811,unitTests/3811.mol,reviewed,15,8,14,10,9,5,1,2.351e-05,True
3820,unitTests/3820.mol,reviewed,12,9,11,11,9,2,0,1.4703e-05,True
3873,unitTests/3873.mol,reviewed,12,8,11,9,9,2,1,1.2119e-05,True
3874,unitTests/3874.mol,reviewed,13,9,12,12,10,2,1,1.905e-05,True
3875,unitTests/3875.mol,reviewed,13,9,12,12,9,3,0,2.2882e-05,True
3879,unitTests/3879.mol,reviewed,15,8,14,10,9,5,1,1.8891e-05,True
3881,unitTests/3881.mol,reviewed,16,9,15,12,11,4,2,2.4563e-05,True
3925,unitTests/3925.mol,reviewed,10,8,9,8,8,1,0,1.1785e-05,True
3933,unitTests/3933.mol,reviewed,14,9,13,12,10,3,1,2.1968e-05,True
3941,unitTests/3941.mol,reviewed,14,9,13,11,10,3,1,1.6238e-05,True
3966,unitTests/3966.mol,reviewed,15,8,14,12,8,6,0,2.8108e-05,True
3987,unitTests/3987.mol,reviewed,13,8,12,10,9,3,1,1.7382e-05,True
3989,unitTests/3989.mol,reviewed,13,8,12,10,9,3,1,1.5907e-05,True
4015,unitTests/4015.mol,reviewed,13,9,12,11,10,2,1,1.7079e-05,True
4019,unitTests/4019.mol,reviewed,13,9,12,10,9,3,0,2.3116e-05,True
4025,unitTests/4025.mol,reviewed,15,8,14,12,9,5,1,2.0378e-05,True
4046,unitTests/4046.mol,reviewed,13,9,12,11,9,3,0,2.2401e-05,True
4053,unitTests/4053.mol,reviewed,13,8,12,8,8,4,0,2.2984e-05,True
4064,unitTests/4064.mol,reviewed,13,9,12,11,9,3,0,2.1734e-05,True
4072,unitTests/4072.mol,reviewed,16,9,15,12,11,4,2,2.4179e-05,True
4080,unitTests/4080.mol,reviewed,15,8,14,12,9,5,1,2.1612e-05,True
4095,unitTests/4095.mol,reviewed,16,8,15,11,10,5,2,2.447e-05,True
4096,unitTests/4096.mol,reviewed,13,9,12,12,9,3,0,2.486e-05,True
4112,unitTests/4112.mol,reviewed,13,8,12,10,9,3,1,1.5572e-05,True
4118,unitTests/4118.mol,reviewed,14,8,13,11,9,4,1,2.0777e-05,True
4167,unitTests/4167.mol,reviewed,14,9,13,11,9,4,0,2.3414e-05,True
4185,unitTests/4185.mol,reviewed,23,9,22,14,9,13,0,6.6736e-05,True
4227,unitTests/4227.mol,reviewed,13,9,12,11,9,3,0,2.3259e-05,True
4236,unitTests/4236.mol,reviewed,15,8,14,11,9,5,1,2.1779e-05,True
4237,unitTests/4237.mol,reviewed,15,8,14,10,9,5,1,2.2487e-05,True
4245,unitTests/4245.mol,reviewed,13,8,12,10,9,3,1,1.904e-05,True
4290,unitTests/4290.mol,reviewed,13,9,12,10,9,3,0,1.8494e-05,True
4300,unitTests/4300.mol,reviewed,14,8,13,9,8,5,0,2.7593e-05,True
4325,unitTests/4325.mol,reviewed,13,10,12,10,11,1,1,1.4488e-05,True
4335,unitTests/4335.mol,reviewed,16,8,15,12,9,6,1,2.9184e-05,True
4354,unitTests/4354.mol,reviewed,13,9,12,11,9,3,0,2.1001e-05,True
4392,unitTests/4392.mol,reviewed,15,8,14,11,8,6,0,2.547e-05,True
4459,unitTests/4459.mol,reviewed,16,8,15,12,10,5,2,2.6533e-05,True
4474,unitTests/4474.mol,reviewed,13,9,12,10,10,2,1,1.6021e-05,True
4487,unitTests/4487.mol,reviewed,10,8,9,8,8,1,0,1.2053e-05,True
4502,unitTests/4502.mol,reviewed,13,8,12,11,9,3,1,2.2452e-05,True
4534,unitTests/4534.mol,reviewed,14,8,13,9,9,4,1,2.4465e-05,True
4562,unitTests/4562.mol,reviewed,14,9,13,11,10,3,1,1.8302e-05,True
4563,unitTests/4563.mol,reviewed,14,9,13,11,10,3,1,1.6133e-05,True
4583,unitTests/4583.mol,reviewed,13,9,12,11,10,2,1,1.8838e-05,True
4588,unitTests/4588.mol,reviewed,13,9,12,10,9,3,0,2.2379e-05,True
4599,unitTests/4599.mol,reviewed,11,9,10,10,9,1,0,1.2363e-05,True
4602,unitTests/4602.mol,reviewed,12,9,11,9,9,2,0,1.6338e-05,True
4610,unitTests/4610.mol,reviewed,13,9,12,10,9,3,0,2.0639e-05,True
4611,unitTests/4611.mol,reviewed,15,8,14,10,9,5,1,2.2821e-05,True
4644,unitTests/4644.mol,reviewed,10,7,9,8,8,1,1,1.0847e-05,True
4648,unitTests/4648.mol,reviewed,10,8,9,8,8,1,0,9.055e-06,True
4665,unitTests/4665.mol,reviewed,11,9,10,10,9,1,0,1.124e-05,True
4668,unitTests/4668.mol,reviewed,10,8,9,8,8,1,0,9.276e-06,True
4689,unitTests/4689.mol,reviewed,11,9,10,10,9,1,0,1.0754e-05,True
4691,unitTests/4691.mol,reviewed,10,8,9,8,8,1,0,9.404e-06,True
4692,unitTests/4692.mol,reviewed,10,8,9,8,9,0,1,6.275e-06,True
4699,unitTests/4699.mol,reviewed,10,8,9,8,8,1,0,9.629e-06,True
4718,unitTests/4718.mol,reviewed,10,8,9,8,8,1,0,9.241e-06,True
4722,unitTests/4722.mol,reviewed,10,8,9,9,9,0,1,6.234e-06,True
4732,unitTests/4732.mol,reviewed,11,9,10,10,9,1,0,1.2065e-05,True
4741,unitTests/4741.mol,reviewed,10,8,9,8,9,0,1,7.233e-06,True
4749,unitTests/4749.mol,reviewed,11,9,10,10,10,0,1,7.862e-06,True
4751,unitTests/4751.mol,reviewed,11,9,10,10,9,1,0,1.1519e-05,True
4779,unitTests/4779.mol,reviewed,11,9,10,10,9,1,0,1.2394e-05,True
4788,unitTests/4788.mol,reviewed,11,9,10,10,9,1,0,1.2576e-05,True
4796,unitTests/4796.mol,reviewed,11,9,10,10,9,1,0,1.0793e-05,True
4802,unitTests/4802.mol,reviewed,10,8,9,8,8,1,0,9.004e-06,True
4806,unitTests/4806.mol,reviewed,11,9,10,10,9,1,0,1.1961e-05,True
4818,unitTests/4818.mol,reviewed,10,8,9,8,8,1,0,8.725e-06,True
4833,unitTests/4833.mol,reviewed,10,8,9,8,8,1,0,7.854e-06,True
4837,unitTests/4837.mol,reviewed,14,8,13,11,9,4,1,2.2692e-05,True
4846,unitTests/4846.mol,reviewed,11,9,10,10,9,1,0,1.1572e-05,True
4850,unitTests/4850.mol,reviewed,11,9,10,10,9,1,0,1.1326e-05,True
4861,unitTests/4861.mol,reviewed,10,8,9,9,8,1,0,9.973e-06,True
4872,unitTests/4872.mol,reviewed,11,9,10,10,9,1,0,1.1031e-05,True
4883,unitTests/4883.mol,reviewed,11,9,10,10,9,1,0,1.1051e-05,True
4900,unitTests/4900.mol,reviewed,11,9,10,10,9,1,0,1.0306e-05,True
4910,unitTests/4910.mol,reviewed,11,9,10,10,9,1,0,1.1611e-05,True
4931,unitTests/4931.mol,reviewed,11,9,10,10,9,1,0,1.124e-05,True
4935,unitTests/4935.mol,reviewed,10,8,9,9,8,1,0,8.872e-06,True
4936,unitTests/4936.mol,reviewed,11,9,10,10,9,1,0,1.1351e-05,True
4953,unitTests/4953.mol,reviewed,10,8,9,9,9,0,1,5.953e-06,True
4962,unitTests/4962.mol,reviewed,10,8,9,9,9,0,1,6.693e-06,True
4974,unitTests/4974.mol,reviewed,10,8,9,8,8,1,0,8.967e-06,True
4992,unitTests/4992.mol,reviewed,10,8,9,8,8,1,0,7.894e-06,True
5031,unitTests/5031.mol,reviewed,11,9,10,10,9,1,0,1.1138e-05,True
5032,unitTests/5032.mol,reviewed,12,9,11,11,9,2,0,1.8381e-05,True
5042,unitTests/5042.mol,reviewed,11,8,10,9,8,2,0,1.6762e-05,True
5046,unitTests/5046.mol,reviewed,10,8,9,8,8,1,0,7.943e-06,True
5053,unitTests/5053.mol,reviewed,11,8,10,9,8,2,0,1.7801e-05,True
5066,unitTests/5066.mol,reviewed,11,9,10,10,9,1,0,1.0897e-05,True
5067,unitTests/5067.mol,reviewed,11,9,10,10,9,1,0,1.1018e-05,True
5116,unitTests/5116.mol,reviewed,11,8,10,10,8,2,0,1.6036e-05,True
5117,unitTests/5117.mol,reviewed,11,9,10,10,9,1,0,1.1188e-05,True
5130,unitTests/5130.mol,reviewed,10,8,9,9,8,1,0,8.861e-06,True
5139,unitTests/5139.mol,reviewed,11,8,10,8,8,2,0,1.7139e-05,True
5141,unitTests/5141.mol,reviewed,11,9,10,10,9,1,0,1.2311e-05,True
5144,unitTests/5144.mol,reviewed,11,9,10,9,9,1,0,1.1695e-05,True
5145,unitTests/5145.mol,reviewed,11,9,10,10,9,1,0,1.2133e-05,True
5152,unitTests/5152.mol,reviewed,11,9,10,9,9,1,0,1.1686e-05,True
5157,unitTests/5157.mol,reviewed,10,8,9,8,8,1,0,9.056e-06,True
5160,unitTests/5160.mol,reviewed,11,9,10,10,9,1,0,1.1349e-05,True
5179,unitTests/5179.mol,reviewed,10,8,9,9,9,0,1,7.142e-06,True
5190,unitTests/5190.mol,reviewed,11,9,10,10,9,1,0,1.2327e-05,True
5191,unitTests/5191.mol,reviewed,10,8,9,9,8,1,0,1.0107e-05,True
5203,unitTests/5203.mol,reviewed,10,8,9,8,8,1,0,9.928e-06,True
5204,unitTests/5204.mol,reviewed,10,8,9,8,9,0,1,7.171e-06,True
5208,unitTests/5208.mol,reviewed,10,7,9,8,8,1,1,1.0354e-05,True
5220,unitTests/5220.mol,reviewed,10,8,9,9,8,1,0,1.01e-05,True
5238,unitTests/5238.mol,reviewed,10,8,9,9,8,1,0,1.0522e-05,True
5273,unitTests/5273.mol,reviewed,10,7,9,9,8,1,1,9.949e-06,True
5278,unitTests/5278.mol,reviewed,10,8,9,8,9,0,1,6.759e-06,True
5292,unitTests/5292.mol,reviewed,18,13,17,15,14,3,1,2.5842e-05,True
5301,unitTests/5301.mol,reviewed,10,8,9,8,8,1,0,9.327e-06,True
5311,unitTests/5311.mol,reviewed,10,8,9,9,8,1,0,9.735e-06,True
5316,unitTests/5316.mol,reviewed,11,9,10,10,9,1,0,1.1664e-05,True
5331,unitTests/5331.mol,reviewed,17,7,16,11,10,6,3,3.3311e-05,True
5339,unitTests/5339.mol,reviewed,19,8,18,13,10,8,2,3.8508e-05,True
5371,unitTests/5371.mol,reviewed,15,9,14,10,9,5,0,2.2694e-05,True
5381,unitTests/5381.mol,reviewed,16,9,15,12,11,4,2,2.0174e-05,True
5387,unitTests/5387.mol,reviewed,18,9,17,12,11,6,2,2.7531e-05,True
5393,unitTests/5393.mol,reviewed,18,8,17,10,9,8,1,3.0093e-05,True
5394,unitTests/5394.mol,reviewed,18,8,17,10,9,8,1,2.4691e-05,True
5395,unitTests/5395.mol,reviewed,18,8,17,12,9,8,1,3.2558e-05,True
5404,unitTests/5404.mol,reviewed,15,9,14,11,11,3,2,1.5704e-05,True
5464,unitTests/5464.mol,reviewed,18,8,17,12,9,8,1,2.6051e-05,True
5470,unitTests/5470.mol,reviewed,20,9,19,12,12,7,3,3.7738e-05,True
5471,unitTests/5471.mol,reviewed,15,9,14,11,10,4,1,2.6678e-05,True
5484,unitTests/5484.mol,reviewed,11,9,10,9,9,1,0,1.1271e-05,True
5491,unitTests/5491.mol,reviewed,18,8,17,12,9,8,1,4.7296e-05,True
5495,unitTests/5495.mol,reviewed,18,8,17,13,9,8,1,4.2658e-05,True
5499,unitTests/5499.mol,reviewed,17,8,16,11,10,6,2,2.7876e-05,True
5500,unitTests/5500.mol,reviewed,17,9,16,11,9,7,0,2.9714e-05,True
5513,unitTests/5513.mol,reviewed,17,8,16,13,8,8,0,3.17e-05,True
5528,unitTests/5528.mol,reviewed,17,8,16,12,9,7,1,4.1333e-05,True
5529,unitTests/5529.mol,reviewed,17,8,16,12,9,7,1,3.5413e-05,True
5543,unitTests/5543.mol,reviewed,18,9,17,13,9,8,0,4.0787e-05,True
5559,unitTests/5559.mol,reviewed,17,8,16,10,10,6,2,3.202e-05,True
5560,unitTests/5560.mol,reviewed,17,8,16,10,10,6,2,2.7145e-05,True
5565,unitTests/5565.mol,reviewed,18,8,17,10,9,8,1,2.9166e-05,True
5576,unitTests/5576.mol,reviewed,19,9,18,14,10,8,1,3.9689e-05,True
5579,unitTests/5579.mol,reviewed,18,9,17,13,9,8,0,3.5944e-05,True
5584,unitTests/5584.mol,reviewed,17,7,16,10,9,7,2,3.4656e-05,True
5597,unitTests/5597.mol,reviewed,15,9,14,9,10,4,1,2.2895e-05,True
5606,unitTests/5606.mol,reviewed,15,9,14,12,9,5,0,2.8085e-05,True
5607,unitTests/5607.mol,reviewed,15,9,14,11,9,5,0,2.9717e-05,True
5608,unitTests/5608.mol,reviewed,15,9,14,10,10,4,1,2.4394e-05,True
5611,unitTests/5611.mol,reviewed,15,9,14,11,10,4,1,2.0626e-05,True
5612,unitTests/5612.mol,reviewed,15,8,14,12,8,6,0,2.7957e-05,True
5622,unitTests/5622.mol,reviewed,16,9,15,13,10,5,1,2.462e-05,True
5627,unitTests/5627.mol,reviewed,13,9,12,11,9,3,0,2.0314e-05,True
5629,unitTests/5629.mol,reviewed,15,10,14,10,11,3,1,1.6398e-05,True
5632,unitTests/5632.mol,reviewed,15,9,14,11,9,5,0,2.6727e-05,True
5636,unitTests/5636.mol,reviewed,16,9,15,11,10,5,1,2.2074e-05,True
5651,unitTests/5651.mol,reviewed,14,9,13,9,10,3,1,1.428e-05,True
5657,unitTests/5657.mol,reviewed,15,9,14,10,10,4,1,1.7564e-05,True
5666,unitTests/5666.mol,reviewed,15,9,14,11,11,3,2,1.829e-05,True
5669,unitTests/5669.mol,reviewed,13,8,12,10,9,3,1,1.9683e-05,True
5687,unitTests/5687.mol,reviewed,13,8,12,10,10,2,2,1.9094e-05,True
5754,unitTests/5754.mol,reviewed,16,9,15,11,11,4,2,2.2068e-05,True
5756,unitTests/5756.mol,reviewed,16,9,15,11,10,5,1,3.5277e-05,True
5757,unitTests/5757.mol,reviewed,17,9,16,12,9,7,0,3.1531e-05,True
5764,unitTests/5764.mol,reviewed,16,8,15,11,9,6,1,3.0461e-05,True
5785,unitTests/5785.mol,reviewed,19,8,18,16,10,8,2,4.0173e-05,True
5843,unitTests/5843.mol,reviewed,20,8,19,13,11,8,3,4.3937e-05,True
5899,unitTests/5899.mol,reviewed,16,8,15,12,8,7,0,3.0576e-05,True
5901,unitTests/5901.mol,reviewed,16,7,15,12,7,8,0,3.1979e-05,True
5914,unitTests/5914.mol,reviewed,18,9,17,11,11,6,2,2.6829e-05,True
5921,unitTests/5921.mol,reviewed,16,8,15,9,10,5,2,2.1486e-05,True
5924,unitTests/5924.mol,reviewed,19,8,18,13,11,7,3,2.8374e-05,True
5928,unitTests/5928.mol,reviewed,16,8,15,11,10,5,2,2.8613e-05,True
5955,unitTests/5955.mol,reviewed,19,8,18,11,10,8,2,3.6853e-05,True
5956,unitTests/5956.mol,reviewed,19,7,18,12,8,10,1,4.3509e-05,True
5989,unitTests/5989.mol,reviewed,16,8,15,10,8,7,0,3.3815e-05,True
6012,unitTests/6012.mol,reviewed,19,8,18,12,9,9,1,4.269e-05,True
6013,unitTests/6013.mol,reviewed,19,8,18,10,11,7,3,3.1232e-05,True
6069,unitTests/6069.mol,reviewed,16,9,15,12,10,5,1,2.531e-05,True
6076,unitTests/6076.mol,reviewed,19,8,18,12,10,8,2,5.1069e-05,True
6089,unitTests/6089.mol,reviewed,19,8,18,10,9,9,1,3.9565e-05,True
6122,unitTests/6122.mol,reviewed,17,8,16,10,8,8,0,3.46e-05,True
6123,unitTests/6123.mol,reviewed,16,9,15,11,10,5,1,2.9824e-05,True
6136,unitTests/6136.mol,reviewed,17,8,16,10,8,8,0,3.3144e-05,True
6138,unitTests/6138.mol,reviewed,15,9,14,12,10,4,1,2.5025e-05,True
6146,unitTests/6146.mol,reviewed,16,9,15,10,9,6,0,3.225e-05,True
6158,unitTests/6158.mol,reviewed,15,8,14,10,8,6,0,2.791e-05,True
6188,unitTests/6188.mol,reviewed,15,8,14,10,9,5,1,2.3657e-05,True
6190,unitTests/6190.mol,reviewed,18,9,17,13,9,8,0,3.8278e-05,True
6192,unitTests/6192.mol,reviewed,17,8,16,12,9,7,1,2.6497e-05,True
6195,unitTests/6195.mol,reviewed,18,8,17,9,10,7,2,2.5437e-05,True
6205,unitTests/6205.mol,reviewed,16,8,15,10,8,7,0,2.6589e-05,True
6222,unitTests/6222.mol,reviewed,18,9,17,13,11,6,2,3.7156e-05,True
6230,unitTests/6230.mol,reviewed,18,7,17,11,8,9,1,4.0881e-05,True
6235,unitTests/6235.mol,reviewed,18,8,17,11,10,7,2,3.6762e-05,True
6249,unitTests/6249.mol,reviewed,15,9,14,11,10,4,1,2.1935e-05,True
6253,unitTests/6253.mol,reviewed,18,8,17,12,10,7,2,2.6407e-05,True
6262,unitTests/6262.mol,reviewed,16,9,15,11,11,4,2,1.8701e-05,True
6282,unitTests/6282.mol,reviewed,17,8,16,12,10,6,2,2.7652e-05,True
6284,unitTests/6284.mol,reviewed,17,9,16,11,10,6,1,2.7138e-05,True
6285,unitTests/6285.mol,reviewed,17,7,16,10,9,7,2,2.976e-05,True
6304,unitTests/6304.mol,reviewed,15,9,14,9,10,4,1,1.7402e-05,True
6305,unitTests/6305.mol,reviewed,19,9,18,13,9,9,0,5.4228e-05,True
6324,unitTests/6324.mol,reviewed,18,7,17,11,8,9,1,3.4499e-05,True
6331,unitTests/6331.mol,reviewed,17,9,16,11,10,6,1,3.0383e-05,True
6348,unitTests/6348.mol,reviewed,19,9,18,13,11,7,2,3.1788e-05,True
6356,unitTests/6356.mol,reviewed,14,8,13,10,9,4,1,1.7683e-05,True
6365,unitTests/6365.mol,reviewed,18,8,17,12,9,8,1,3.0866e-05,True
6390,unitTests/6390.mol,reviewed,18,7,17,12,9,8,2,2.8864e-05,True
6399,unitTests/6399.mol,reviewed,17,7,16,10,10,6,3,2.3793e-05,True
6422,unitTests/6422.mol,reviewed,18,8,17,11,10,7,2,2.4684e-05,True
6425,unitTests/6425.mol,reviewed,19,9,18,13,9,9,0,4.7976e-05,True
6454,unitTests/6454.mol,reviewed,18,8,17,11,10,7,2,2.2649e-05,True
6459,unitTests/6459.mol,reviewed,15,9,14,12,10,4,1,1.7962e-05,True
6460,unitTests/6460.mol,reviewed,15,9,14,12,10,4,1,1.646e-05,True
6485,unitTests/6485.mol,reviewed,18,9,17,12,9,8,0,3.706e-05,True
6488,unitTests/6488.mol,reviewed,14,9,13,9,10,3,1,1.5702e-05,True
6502,unitTests/6502.mol,reviewed,16,9,15,10,10,5,1,2.0671e-05,True
6543,unitTests/6543.mol,reviewed,18,8,17,11,9,8,1,3.3474e-05,True
6546,unitTests/6546.mol,reviewed,18,8,17,11,9,8,1,2.8055e-05,True
6550,unitTests/6550.mol,reviewed,16,8,15,11,10,5,2,2.3183e-05,True
6559,unitTests/6559.mol,reviewed,18,9,17,13,10,7,1,2.9439e-05,True
6575,unitTests/6575.mol,reviewed,15,9,14,9,9,5,0,2.4793e-05,True
6582,unitTests/6582.mol,reviewed,18,8,17,11,10,7,2,3.825e-05,True
6595,unitTests/6595.mol,reviewed,11,9,10,10,9,1,0,1.1823e-05,True
6608,unitTests/6608.mol,reviewed,16,8,15,10,10,5,2,2.3173e-05,True
6613,unitTests/6613.mol,reviewed,15,9,14,11,10,4,1,1.9508e-05,True
6617,unitTests/6617.mol,reviewed,18,9,17,13,11,6,2,3.6559e-05,True
6629,unitTests/6629.mol,reviewed,15,9,14,10,9,5,0,1.9225e-05,True
6631,unitTests/6631.mol,reviewed,18,8,17,12,9,8,1,2.7439e-05,True
6637,unitTests/6637.mol,reviewed,15,9,14,12,10,4,1,2.2384e-05,True
6645,unitTests/6645.mol,reviewed,16,9,15,10,10,5,1,2.4546e-05,True
6651,unitTests/6651.mol,reviewed,16,9,15,10,10,5,1,2.4304e-05,True
6663,unitTests/6663.mol,reviewed,18,7,17,10,9,8,2,3.1386e-05,True
6668,unitTests/6668.mol,reviewed,15,9,14,11,10,4,1,1.8923e-05,True
6669,unitTests/6669.mol,reviewed,17,10,16,11,10,6,0,3.6211e-05,True
6670,unitTests/6670.mol,reviewed,17,10,16,11,10,6,0,3.1905e-05,True
6671,unitTests/6671.mol,reviewed,17,10,16,11,10,6,0,2.7795e-05,True
6673,unitTests/6673.mol,reviewed,18,8,17,11,10,7,2,3.4666e-05,True
6674,unitTests/6674.mol,reviewed,18,8,17,11,10,7,2,2.9967e-05,True
6675,unitTests/6675.mol,reviewed,18,8,17,11,10,7,2,2.655e-05,True
6702,unitTests/6702.mol,reviewed,15,9,14,11,10,4,1,2.4484e-05,True
6703,unitTests/6703.mol,reviewed,17,7,16,10,9,7,2,3.419e-05,True
6712,unitTests/6712.mol,reviewed,18,8,17,11,11,6,3,2.5602e-05,True
6720,unitTests/6720.mol,reviewed,16,8,15,9,9,6,1,2.3267e-05,True
6741,unitTests/6741.mol,reviewed,18,8,17,12,9,8,1,3.2143e-05,True
6746,unitTests/6746.mol,reviewed,18,9,17,13,11,6,2,2.8749e-05,True
6754,unitTests/6754.mol,reviewed,16,9,15,13,10,5,1,3.0608e-05,True
6755,unitTests/6755.mol,reviewed,12,8,11,10,8,3,0,1.764e-05,True
6759,unitTests/6759.mol,reviewed,15,8,14,10,9,5,1,1.5878e-05,True
6763,unitTests/6763.mol,reviewed,16,9,15,13,11,4,2,2.3529e-05,True
6804,unitTests/6804.mol,reviewed,16,9,15,12,11,4,2,1.9987e-05,True
6806,unitTests/6806.mol,reviewed,16,9,15,11,9,6,0,2.4997e-05,True
6815,unitTests/6815.mol,reviewed,18,8,17,11,10,7,2,3.8555e-05,True
6819,unitTests/6819.mol,reviewed,16,8,15,10,10,5,2,1.9667e-05,True
6820,unitTests/6820.mol,reviewed,16,8,15,10,10,5,2,1.7296e-05,True
6829,unitTests/6829.mol,reviewed,16,8,15,11,9,6,1,2.3107e-05,True
6840,unitTests/6840.mol,reviewed,16,7,15,12,7,8,0,3.492e-05,True
6851,unitTests/6851.mol,reviewed,18,7,17,12,9,8,2,3.3851e-05,True
6858,unitTests/6858.mol,reviewed,17,7,16,10,8,8,1,2.9531e-05,True
6862,unitTests/6862.mol,reviewed,20,8,19,14,12,7,4,3.2209e-05,True
6891,unitTests/6891.mol,reviewed,16,9,15,11,9,6,0,3.2626e-05,True
6898,unitTests/6898.mol,reviewed,18,7,17,12,7,10,0,4.1079e-05,True
6914,unitTests/6914.mol,reviewed,18,8,17,11,9,8,1,2.8679e-05,True
6926,unitTests/6926.mol,reviewed,18,7,17,12,8,9,1,3.295e-05,True
6927,unitTests/6927.mol,reviewed,15,9,14,11,9,5,0,2.6426e-05,True
6936,unitTests/6936.mol,reviewed,19,8,18,13,10,8,2,3.1638e-05,True
6947,unitTests/6947.mol,reviewed,15,8,14,11,9,5,1,2.5465e-05,True
6955,unitTests/6955.mol,reviewed,18,8,17,11,9,8,1,3.0329e-05,True
6958,unitTests/6958.mol,reviewed,19,8,18,13,10,8,2,4.237e-05,True
6967,unitTests/6967.mol,reviewed,16,9,15,13,11,4,2,1.9154e-05,True
6968,unitTests/6968.mol,reviewed,16,9,15,13,11,4,2,1.6891e-05,True
6970,unitTests/6970.mol,reviewed,17,9,16,11,10,6,1,3.0283e-05,True
6972,unitTests/6972.mol,reviewed,17,8,16,10,10,6,2,3.0091e-05,True
6973,unitTests/6973.mol,reviewed,20,8,19,12,10,9,2,4.7867e-05,True
6977,unitTests/6977.mol,reviewed,18,7,17,12,7,10,0,3.7862e-05,True
6995,unitTests/6995.mol,reviewed,19,9,18,12,9,9,0,5.2665e-05,True
6997,unitTests/6997.mol,reviewed,16,8,15,9,9,6,1,2.5825e-05,True
6998,unitTests/6998.mol,reviewed,19,8,18,11,10,8,2,3.6124e-05,True
7005,unitTests/7005.mol,reviewed,14,9,13,11,10,3,1,1.4468e-05,True
7008,unitTests/7008.mol,reviewed,18,7,17,9,7,10,0,3.8051e-05,True
7026,unitTests/7026.mol,reviewed,16,8,15,10,10,5,2,1.9958e-05,True
7033,unitTests/7033.mol,reviewed,15,9,14,12,9,5,0,2.8914e-05,True
7060,unitTests/7060.mol,reviewed,15,9,14,11,10,4,1,1.9705e-05,True
7061,unitTests/7061.mol,reviewed,14,9,13,11,11,2,2,1.5655e-05,True
7070,unitTests/7070.mol,reviewed,14,8,13,10,9,4,1,2.0462e-05,True
7078,unitTests/7078.mol,reviewed,14,9,13,11,10,3,1,1.4962e-05,True
7080,unitTests/7080.mol,reviewed,17,8,16,12,8,8,0,3.623e-05,True
7086,unitTests/7086.mol,reviewed,16,9,15,13,11,4,2,2.8627e-05,True
7089,unitTests/7089.mol,reviewed,15,8,14,10,10,4,2,1.7231e-05,True
7113,unitTests/7113.mol,reviewed,17,8,16,11,10,6,2,2.5896e-05,True
7126,unitTests/7126.mol,reviewed,15,9,14,10,9,5,0,2.4297e-05,True
7172,unitTests/7172.mol,reviewed,17,10,16,14,11,5,1,3.213e-05,True
7174,unitTests/7174.mol,reviewed,17,9,16,11,10,6,1,2.5497e-05,True
7184,unitTests/7184.mol,reviewed,14,8,13,10,8,5,0,2.5166e-05,True
7191,unitTests/7191.mol,reviewed,11,9,10,10,9,1,0,1.132e-05,True
7193,unitTests/7193.mol,reviewed,18,9,17,11,11,6,2,3.5717e-05,True
7201,unitTests/7201.mol,reviewed,15,10,14,13,12,2,2,2.0166e-05,True
7203,unitTests/7203.mol,reviewed,14,8,13,11,9,4,1,2.1477e-05,True
7204,unitTests/7204.mol,reviewed,17,9,16,12,10,6,1,3.6325e-05,True
7209,unitTests/7209.mol,reviewed,16,8,15,9,9,6,1,2.798e-05,True
7221,unitTests/7221.mol,reviewed,13,9,12,11,10,2,1,1.8987e-05,True
7234,unitTests/7234.mol,reviewed,15,9,14,12,9,5,0,2.4957e-05,True
7242,unitTests/7242.mol,reviewed,14,9,13,11,9,4,0,2.2173e-05,True
7249,unitTests/7249.mol,reviewed,17,9,16,11,9,7,0,3.1285e-05,True
7254,unitTests/7254.mol,reviewed,17,9,16,11,10,6,1,2.363e-05,True
7256,unitTests/7256.mol,reviewed,11,9,10,10,9,1,0,1.152e-05,True
7260,unitTests/7260.mol,reviewed,15,8,14,9,8,6,0,2.3926e-05,True
7262,unitTests/7262.mol,reviewed,15,8,14,9,8,6,0,2.0141e-05,True
7268,unitTests/7268.mol,reviewed,17,8,16,9,9,7,1,3.0303e-05,True
7281,unitTests/7281.mol,reviewed,14,9,13,11,10,3,1,2.2355e-05,True
7290,unitTests/7290.mol,reviewed,15,8,14,13,8,6,0,3.3048e-05,True
7306,unitTests/7306.mol,reviewed,14,9,13,11,10,3,1,1.5417e-05,True
7362,unitTests/7362.mol,reviewed,11,9,10,10,9,1,0,9.56e-06,True
7449,unitTests/7449.mol,reviewed,16,7,15,11,10,5,3,2.6469e-05,True
7450,unitTests/7450.mol,reviewed,16,7,15,11,10,5,3,2.2784e-05,True
7459,unitTests/7459.mol,reviewed,17,9,16,11,9,7,0,3.1268e-05,True
7470,unitTests/7470.mol,reviewed,14,9,13,11,10,3,1,1.5077e-05,True
7499,unitTests/7499.mol,reviewed,18,9,17,12,11,6,2,2.7709e-05,True
7513,unitTests/7513.mol,reviewed,13,8,12,10,8,4,0,2.5436e-05,True
7516,unitTests/7516.mol,reviewed,14,7,13,9,8,5,1,2.2215e-05,True
7518,unitTests/7518.mol,reviewed,11,6,10,8,6,4,0,1.5285e-05,True
7524,unitTests/7524.mol,reviewed,15,8,14,10,8,6,0,2.7913e-05,True
7528,unitTests/7528.mol,reviewed,17,9,16,11,9,7,0,2.8672e-05,True
7530,unitTests/7530.mol,reviewed,17,10,16,12,10,6,0,3.2862e-05,True
7536,unitTests/7536.mol,reviewed,17,8,16,11,9,7,1,2.7842e-05,True
7538,unitTests/7538.mol,reviewed,16,8,15,10,8,7,0,2.9257e-05,True
7544,unitTests/7544.mol,reviewed,11,9,10,10,9,1,0,1.2592e-05,True
7572,unitTests/7572.mol,reviewed,17,8,16,13,9,7,1,3.1665e-05,True
7585,unitTests/7585.mol,reviewed,15,8,14,10,9,5,1,3.1147e-05,True
7586,unitTests/7586.mol,reviewed,15,8,14,10,9,5,1,1.846e-05,True
7604,unitTests/7604.mol,reviewed,16,9,15,13,9,6,0,3.8433e-05,True
7633,unitTests/7633.mol,reviewed,17,8,16,13,9,7,1,3.6062e-05,True
7655,unitTests/7655.mol,reviewed,17,8,16,11,10,6,2,3.1875e-05,True
7660,unitTests/7660.mol,reviewed,14,9,13,12,9,4,0,2.6365e-05,True
7677,unitTests/7677.mol,reviewed,14,9,13,11,10,3,1,1.952e-05,True
7682,unitTests/7682.mol,reviewed,15,8,14,10,10,4,2,1.7047e-05,True
7703,unitTests/7703.mol,reviewed,17,9,16,11,10,6,1,2.5913e-05,True
7704,unitTests/7704.mol,reviewed,16,9,15,12,10,5,1,2.4141e-05,True
7705,unitTests/7705.mol,reviewed,16,9,15,12,10,5,1,2.4211e-05,True
7728,unitTests/7728.mol,reviewed,17,8,16,12,9,7,1,3.1599e-05,True
7730,unitTests/7730.mol,reviewed,15,9,14,11,9,5,0,3.2266e-05,True
7734,unitTests/7734.mol,reviewed,17,8,16,11,9,7,1,3.1171e-05,True
7739,unitTests/7739.mol,reviewed,16,9,15,13,10,5,1,2.4088e-05,True
7759,unitTests/7759.mol,reviewed,15,8,14,10,8,6,0,2.8626e-05,True
7788,unitTests/7788.mol,reviewed,15,8,14,11,8,6,0,2.1752e-05,True
7792,unitTests/7792.mol,reviewed,17,9,16,11,10,6,1,2.5046e-05,True
7801,unitTests/7801.mol,reviewed,16,9,15,10,9,6,0,2.9193e-05,True
7802,unitTests/7802.mol,reviewed,15,10,14,12,11,3,1,1.7681e-05,True
7811,unitTests/7811.mol,reviewed,17,8,16,12,9,7,1,3.3976e-05,True
7824,unitTests/7824.mol,reviewed,15,9,14,12,11,3,2,1.667e-05,True
7830,unitTests/7830.mol,reviewed,14,8,13,9,9,4,1,1.7626e-05,True
7832,unitTests/7832.mol,reviewed,14,8,13,9,9,4,1,1.5563e-05,True
7834,unitTests/7834.mol,reviewed,14,8,13,11,9,4,1,2.2015e-05,True
7864,unitTests/7864.mol,reviewed,16,9,15,12,10,5,1,3.2048e-05,True
7869,unitTests/7869.mol,reviewed,18,9,17,12,10,7,1,3.694e-05,True
7886,unitTests/7886.mol,reviewed,15,8,14,10,9,5,1,2.2625e-05,True
7887,unitTests/7887.mol,reviewed,15,9,14,12,9,5,0,2.5616e-05,True
7889,unitTests/7889.mol,reviewed,15,8,14,10,9,5,1,2.0506e-05,True
7892,unitTests/7892.mol,reviewed,15,8,14,10,9,5,1,1.8177e-05,True
7893,unitTests/7893.mol,reviewed,16,8,15,11,9,6,1,3.0555e-05,True
7913,unitTests/7913.mol,reviewed,14,9,13,10,9,4,0,1.7569e-05,True
7917,unitTests/7917.mol,reviewed,15,10,14,10,10,4,0,2.0992e-05,True
7961,unitTests/7961.mol,reviewed,14,9,13,11,9,4,0,1.8722e-05,True
7962,unitTests/7962.mol,reviewed,16,9,15,12,10,5,1,2.4282e-05,True
7990,unitTests/7990.mol,reviewed,16,8,15,11,9,6,1,2.8835e-05,True
8052,unitTests/8052.mol,reviewed,17,8,16,9,8,8,0,3.2604e-05,True
8053,unitTests/8053.mol,reviewed,17,8,16,9,8,8,0,2.8563e-05,True
8062,unitTests/8062.mol,reviewed,17,8,16,11,10,6,2,2.4309e-05,True
8070,unitTests/8070.mol,reviewed,16,9,15,12,10,5,1,2.1635e-05,True
8083,unitTests/8083.mol,reviewed,14,8,13,11,9,4,1,2.1826e-05,True
8111,unitTests/8111.mol,reviewed,14,8,13,10,8,5,0,2.8322e-05,True
8121,unitTests/8121.mol,reviewed,17,8,16,12,9,7,1,3.0259e-05,True
8124,unitTests/8124.mol,reviewed,16,7,15,11,10,5,3,2.4879e-05,True
8125,unitTests/8125.mol,reviewed,14,9,13,11,9,4,0,1.9685e-05,True
8129,unitTests/8129.mol,reviewed,15,9,14,11,10,4,1,1.6986e-05,True
8137,unitTests/8137.mol,reviewed,18,8,17,12,9,8,1,4.0663e-05,True
8138,unitTests/8138.mol,reviewed,16,7,15,9,11,4,4,2.3703e-05,True
8152,unitTests/8152.mol,reviewed,17,9,16,11,9,7,0,3.2129e-05,True
8154,unitTests/8154.mol,reviewed,17,9,16,12,9,7,0,3.0325e-05,True
8159,unitTests/8159.mol,reviewed,15,8,14,9,9,5,1,2.0799e-05,True
8170,unitTests/8170.mol,reviewed,17,8,16,13,11,5,3,2.5583e-05,True
8190,unitTests/8190.mol,reviewed,14,9,13,12,9,4,0,2.3667e-05,True
8191,unitTests/8191.mol,reviewed,15,9,14,12,11,3,2,2.5658e-05,True
8192,unitTests/8192.mol,reviewed,15,7,14,9,8,6,1,2.2729e-05,True
8194,unitTests/8194.mol,reviewed,14,9,13,11,10,3,1,1.9014e-05,True
8199,unitTests/8199.mol,reviewed,15,8,14,10,8,6,0,2.8787e-05,True
8209,unitTests/8209.mol,reviewed,14,8,13,10,9,4,1,1.9055e-05,True
8211,unitTests/8211.mol,reviewed,14,8,13,10,11,2,3,1.5499e-05,True
8221,unitTests/8221.mol,reviewed,17,9,16,11,10,6,1,2.5535e-05,True
8223,unitTests/8223.mol,reviewed,14,9,13,11,9,4,0,2.5459e-05,True
8235,unitTests/8235.mol,reviewed,15,8,14,11,9,5,1,3.0417e-05,True
8239,unitTests/8239.mol,reviewed,17,8,16,11,9,7,1,3.4789e-05,True
8263,unitTests/8263.mol,reviewed,18,8,17,12,10,7,2,3.5926e-05,True
8264,unitTests/8264.mol,reviewed,18,8,17,12,10,7,2,3.7077e-05,True
8266,unitTests/8266.mol,reviewed,18,9,17,11,12,5,3,2.9391e-05,True
8268,unitTests/8268.mol,reviewed,18,9,17,12,11,6,2,2.7897e-05,True
8283,unitTests/8283.mol,reviewed,15,8,14,10,10,4,2,1.9497e-05,True
8284,unitTests/8284.mol,reviewed,14,8,13,10,8,5,0,1.7905e-05,True
8289,unitTests/8289.mol,reviewed,18,8,17,13,11,6,3,3.3931e-05,True
8295,unitTests/8295.mol,reviewed,15,9,14,10,9,5,0,2.6545e-05,True
8344,unitTests/8344.mol,reviewed,16,7,15,12,9,6,2,2.5863e-05,True
8349,unitTests/8349.mol,reviewed,18,9,17,12,10,7,1,3.2423e-05,True
8361,unitTests/8361.mol,reviewed,15,9,14,12,10,4,1,2.0551e-05,True
8362,unitTests/8362.mol,reviewed,17,9,16,11,10,6,1,2.5835e-05,True
8373,unitTests/8373.mol,reviewed,18,9,17,12,9,8,0,3.7108e-05,True
8381,unitTests/8381.mol,reviewed,14,8,13,10,9,4,1,2.1156e-05,True
8397,unitTests/8397.mol,reviewed,18,9,17,12,10,7,1,2.9825e-05,True
8402,unitTests/8402.mol,reviewed,14,8,13,8,8,5,0,1.617e-05,True
8438,unitTests/8438.mol,reviewed,13,7,12,8,8,4,1,1.8874e-05,True
8452,unitTests/8452.mol,reviewed,14,8,13,10,8,5,0,2.1469e-05,True
8461,unitTests/8461.mol,reviewed,17,9,16,12,9,7,0,3.1767e-05,True
8462,unitTests/8462.mol,reviewed,19,8,18,11,8,10,0,4.53e-05,True
8476,unitTests/8476.mol,reviewed,15,8,14,9,9,5,1,2.3309e-05,True
8478,unitTests/8478.mol,reviewed,16,9,15,12,9,6,0,2.4053e-05,True
8498,unitTests/8498.mol,reviewed,15,9,14,11,10,4,1,1.7833e-05,True
8499,unitTests/8499.mol,reviewed,15,9,14,12,10,4,1,1.8831e-05,True
8500,unitTests/8500.mol,reviewed,15,8,14,10,9,5,1,2.2527e-05,True
8502,unitTests/8502.mol,reviewed,16,9,15,12,10,5,1,2.8074e-05,True
8505,unitTests/8505.mol,reviewed,15,9,14,12,10,4,1,1.9334e-05,True
8520,unitTests/8520.mol,reviewed,15,8,14,11,9,5,1,2.6135e-05,True
8525,unitTests/8525.mol,reviewed,15,7,14,10,7,7,0,2.6933e-05,True
8526,unitTests/8526.mol,reviewed,15,7,14,11,8,6,1,2.3713e-05,True
8534,unitTests/8534.mol,reviewed,16,7,15,10,8,7,1,3.8681e-05,True
8548,unitTests/8548.mol,reviewed,15,8,14,8,9,5,1,2.1755e-05,True
8570,unitTests/8570.mol,reviewed,15,9,14,10,10,4,1,1.9148e-05,True
8574,unitTests/8574.mol,reviewed,15,8,14,11,10,4,2,2.0139e-05,True
8582,unitTests/8582.mol,reviewed,16,9,15,12,10,5,1,2.1549e-05,True
8591,unitTests/8591.mol,reviewed,15,8,14,11,8,6,0,2.5421e-05,True
8596,unitTests/8596.mol,reviewed,15,8,14,11,9,5,1,2.3334e-05,True
8603,unitTests/8603.mol,reviewed,15,9,14,9,10,4,1,1.8042e-05,True
8619,unitTests/8619.mol,reviewed,10,8,9,9,8,1,0,1.0403e-05,True
8621,unitTests/8621.mol,reviewed,15,8,14,10,10,4,2,1.7822e-05,True
8631,unitTests/8631.mol,reviewed,16,7,15,9,9,6,2,2.376e-05,True
8633,unitTests/8633.mol,reviewed,15,9,14,11,10,4,1,2.3161e-05,True
8634,unitTests/8634.mol,reviewed,15,9,14,11,11,3,2,2.0907e-05,True
8635,unitTests/8635.mol,reviewed,15,9,14,11,11,3,2,1.776e-05,True
8656,unitTests/8656.mol,reviewed,15,9,14,11,10,4,1,1.8139e-05,True
8668,unitTests/8668.mol,reviewed,16,8,15,11,9,6,1,2.4634e-05,True
8680,unitTests/8680.mol,reviewed,16,9,15,11,10,5,1,2.3625e-05,True
8683,unitTests/8683.mol,reviewed,15,8,14,11,10,4,2,1.7704e-05,True
8684,unitTests/8684.mol,reviewed,15,8,14,11,10,4,2,1.6094e-05,True
8697,unitTests/8697.mol,reviewed,16,9,15,12,10,5,1,2.0131e-05,True
8705,unitTests/8705.mol,reviewed,15,9,14,11,10,4,1,1.7881e-05,True
8706,unitTests/8706.mol,reviewed,15,9,14,11,10,4,1,1.5881e-05,True
8713,unitTests/8713.mol,reviewed,17,8,16,11,9,7,1,3.4808e-05,True
8723,unitTests/8723.mol,reviewed,15,8,14,10,9,5,1,2.0601e-05,True
8724,unitTests/8724.mol,reviewed,15,8,14,10,9,5,1,2.1253e-05,True
8727,unitTests/8727.mol,reviewed,15,9,14,11,9,5,0,3.0933e-05,True
8734,unitTests/8734.mol,reviewed,13,9,12,11,10,2,1,1.4564e-05,True
8737,unitTests/8737.mol,reviewed,16,9,15,10,10,5,1,2.4269e-05,True
8739,unitTests/8739.mol,reviewed,11,9,10,10,9,1,0,1.3081e-05,True
8764,unitTests/8764.mol,reviewed,15,9,14,12,10,4,1,2.2986e-05,True
8782,unitTests/8782.mol,reviewed,15,8,14,10,9,5,1,2.2581e-05,True
8793,unitTests/8793.mol,reviewed,10,8,9,9,8,1,0,1.0697e-05,True
8795,unitTests/8795.mol,reviewed,11,9,10,9,9,1,0,1.344e-05,True
8808,unitTests/8808.mol,reviewed,10,8,9,9,8,1,0,1.3222e-05,True
8812,unitTests/8812.mol,reviewed,13,9,12,12,9,3,0,2.5793e-05,True
8816,unitTests/8816.mol,reviewed,11,6,10,8,7,3,1,1.3706e-05,True
8818,unitTests/8818.mol,reviewed,16,9,15,12,11,4,2,2.654e-05,True
8850,unitTests/8850.mol,reviewed,15,9,14,10,11,3,2,1.6281e-05,True
8904,unitTests/8904.mol,reviewed,14,8,13,9,9,4,1,2.3584e-05,True
8919,unitTests/8919.mol,reviewed,13,8,12,10,10,2,2,1.3461e-05,True
8944,unitTests/8944.mol,reviewed,13,8,12,10,9,3,1,1.9443e-05,True
8958,unitTests/8958.mol,reviewed,15,9,14,9,10,4,1,1.6822e-05,True
8970,unitTests/8970.mol,reviewed,14,8,13,9,8,5,0,2.1276e-05,True
8978,unitTests/8978.mol,reviewed,16,8,15,11,8,7,0,2.7117e-05,True
9003,unitTests/9003.mol,reviewed,14,7,13,10,7,6,0,2.6581e-05,True
9012,unitTests/9012.mol,reviewed,14,8,13,11,9,4,1,1.8174e-05,True
9018,unitTests/9018.mol,reviewed,14,7,13,11,7,6,0,3.2402e-05,True
9052,unitTests/9052.mol,reviewed,19,8,18,11,8,10,0,4.7444e-05,True
9054,unitTests/9054.mol,reviewed,21,8,20,11,9,11,1,5.1542e-05,True
9071,unitTests/9071.mol,reviewed,14,9,13,11,9,4,0,1.9689e-05,True
9094,unitTests/9094.mol,reviewed,14,8,13,10,9,4,1,2.5237e-05,True
9095,unitTests/9095.mol,reviewed,19,8,18,13,8,10,0,4.6405e-05,True
9096,unitTests/9096.mol,reviewed,19,8,18,15,8,10,0,4.4115e-05,True
9098,unitTests/9098.mol,reviewed,21,9,20,14,11,9,2,5.5077e-05,True
9105,unitTests/9105.mol,reviewed,19,9,18,12,9,9,0,3.1958e-05,True
9113,unitTests/9113.mol,reviewed,19,10,18,13,12,6,2,3.3995e-05,True
9160,unitTests/9160.mol,reviewed,18,9,17,12,9,8,0,4.3644e-05,True
9170,unitTests/9170.mol,reviewed,22,9,21,16,10,11,1,7.3148e-05,True
9176,unitTests/9176.mol,reviewed,20,8,19,12,11,8,3,3.9338e-05,True
9191,unitTests/9191.mol,reviewed,19,8,18,10,9,9,1,4.1231e-05,True
9193,unitTests/9193.mol,reviewed,19,9,18,13,9,9,0,5.9411e-05,True
9201,unitTests/9201.mol,reviewed,17,8,16,11,9,7,1,2.8313e-05,True
9205,unitTests/9205.mol,reviewed,18,9,17,12,12,5,3,2.9573e-05,True
9207,unitTests/9207.mol,reviewed,17,7,16,12,7,9,0,3.1369e-05,True
9242,unitTests/9242.mol,reviewed,21,9,20,12,10,10,1,4.1128e-05,True
9247,unitTests/9247.mol,reviewed,20,9,19,15,10,9,1,3.51e-05,True
9261,unitTests/9261.mol,reviewed,18,8,17,11,9,8,1,3.6956e-05,True
9263,unitTests/9263.mol,reviewed,18,9,17,12,11,6,2,2.6232e-05,True
9282,unitTests/9282.mol,reviewed,19,9,18,15,11,7,2,4.1212e-05,True
9291,unitTests/9291.mol,reviewed,18,9,17,12,9,8,0,5.1378e-05,True
9296,unitTests/9296.mol,reviewed,18,8,17,10,9,8,1,4.3211e-05,True
9297,unitTests/9297.mol,reviewed,18,8,17,11,11,6,3,2.7936e-05,True
9336,unitTests/9336.mol,reviewed,19,8,18,10,9,9,1,2.9972e-05,True
9347,unitTests/9347.mol,reviewed,17,9,16,12,10,6,1,2.4955e-05,True
9357,unitTests/9357.mol,reviewed,20,8,19,12,11,8,3,3.1886e-05,True
9366,unitTests/9366.mol,reviewed,16,9,15,11,11,4,2,2.2202e-05,True
9367,unitTests/9367.mol,reviewed,21,7,20,13,10,10,3,3.6717e-05,True
9376,unitTests/9376.mol,reviewed,19,9,18,13,11,7,2,3.8414e-05,True
9378,unitTests/9378.mol,reviewed,20,8,19,13,9,10,1,4.3299e-05,True
9382,unitTests/9382.mol,reviewed,18,9,17,13,11,6,2,3.02e-05,True
9393,unitTests/9393.mol,reviewed,19,8,18,12,10,8,2,4.0495e-05,True
9411,unitTests/9411.mol,reviewed,17,9,16,11,9,7,0,3.0543e-05,True
9412,unitTests/9412.mol,reviewed,17,9,16,11,9,7,0,2.7729e-05,True
9416,unitTests/9416.mol,reviewed,18,9,17,12,9,8,0,3.7323e-05,True
9421,unitTests/9421.mol,reviewed,18,9,17,12,11,6,2,3.1651e-05,True
9432,unitTests/9432.mol,reviewed,17,9,16,11,9,7,0,2.7526e-05,True
9468,unitTests/9468.mol,reviewed,18,9,17,12,9,8,0,3.0968e-05,True
9477,unitTests/9477.mol,reviewed,18,9,17,10,9,8,0,2.499e-05,True
9491,unitTests/9491.mol,reviewed,15,8,14,11,10,4,2,1.9365e-05,True
9495,unitTests/9495.mol,reviewed,18,9,17,12,9,8,0,3.8468e-05,True
9498,unitTests/9498.mol,reviewed,18,9,17,10,10,7,1,2.4183e-05,True
9501,unitTests/9501.mol,reviewed,18,8,17,10,10,7,2,2.2412e-05,True
9502,unitTests/9502.mol,reviewed,18,8,17,10,10,7,2,1.9605e-05,True
9503,unitTests/9503.mol,reviewed,18,8,17,10,9,8,1,2.7869e-05,True
9504,unitTests/9504.mol,reviewed,18,8,17,10,9,8,1,2.3764e-05,True
9505,unitTests/9505.mol,reviewed,18,8,17,10,9,8,1,2.1655e-05,True
9507,unitTests/9507.mol,reviewed,14,9,13,11,10,3,1,1.9921e-05,True
9519,unitTests/9519.mol,reviewed,18,8,17,10,10,7,2,2.0037e-05,True
9520,unitTests/9520.mol,reviewed,18,8,17,10,10,7,2,1.8252e-05,True
9524,unitTests/9524.mol,reviewed,19,8,18,9,10,8,2,3.1507e-05,True
9525,unitTests/9525.mol,reviewed,21,9,20,12,10,10,1,4.9469e-05,True
9532,unitTests/9532.mol,reviewed,19,8,18,9,10,8,2,3.0193e-05,True
9533,unitTests/9533.mol,reviewed,15,8,14,10,9,5,1,2.4471e-05,True
9534,unitTests/9534.mol,reviewed,18,8,17,11,10,7,2,2.9403e-05,True
9536,unitTests/9536.mol,reviewed,17,8,16,10,9,7,1,2.2726e-05,True
9570,unitTests/9570.mol,reviewed,20,7,19,11,9,10,2,3.5107e-05,True
9573,unitTests/9573.mol,reviewed,18,9,17,13,9,8,0,4.8066e-05,True
9581,unitTests/9581.mol,reviewed,18,9,17,13,9,8,0,4.4163e-05,True
9608,unitTests/9608.mol,reviewed,18,8,17,9,9,8,1,2.6242e-05,True
9616,unitTests/9616.mol,reviewed,20,8,19,12,11,8,3,3.4129e-05,True
9617,unitTests/9617.mol,reviewed,20,7,19,11,9,10,2,3.3501e-05,True
9621,unitTests/9621.mol,reviewed,18,9,17,12,10,7,1,3.0503e-05,True
9629,unitTests/9629.mol,reviewed,22,8,21,13,11,10,3,4.284e-05,True
9638,unitTests/9638.mol,reviewed,21,8,20,11,10,10,2,3.6618e-05,True
9647,unitTests/9647.mol,reviewed,20,8,19,12,11,8,3,3.1093e-05,True
9649,unitTests/9649.mol,reviewed,16,8,15,12,9,6,1,4.2864e-05,True
9665,unitTests/9665.mol,reviewed,15,8,14,10,8,6,0,3.0195e-05,True
9666,unitTests/9666.mol,reviewed,15,8,14,10,8,6,0,2.5157e-05,True
9673,unitTests/9673.mol,reviewed,18,8,17,10,11,6,3,2.8256e-05,True
9675,unitTests/9675.mol,reviewed,20,9,19,13,9,10,0,3.8468e-05,True
9677,unitTests/9677.mol,reviewed,18,8,17,12,8,9,0,3.6537e-05,True
9680,unitTests/9680.mol,reviewed,21,8,20,10,9,11,1,5.1141e-05,True
9688,unitTests/9688.mol,reviewed,17,9,16,13,10,6,1,3.3135e-05,True
9699,unitTests/9699.mol,reviewed,16,8,15,13,8,7,0,5.0261e-05,True
9701,unitTests/9701.mol,reviewed,21,8,20,11,10,10,2,4.2726e-05,True
9711,unitTests/9711.mol,reviewed,20,8,19,12,11,8,3,3.2712e-05,True
9715,unitTests/9715.mol,reviewed,19,8,18,14,8,10,0,4.4145e-05,True
9716,unitTests/9716.mol,reviewed,19,8,18,14,8,10,0,3.786e-05,True
9723,unitTests/9723.mol,reviewed,19,8,18,11,8,10,0,4.3154e-05,True
9728,unitTests/9728.mol,reviewed,21,9,20,14,11,9,2,3.7927e-05,True
9735,unitTests/9735.mol,reviewed,19,8,18,13,10,8,2,3.8396e-05,True
9745,unitTests/9745.mol,reviewed,20,8,19,13,10,9,2,4.5298e-05,True
9751,unitTests/9751.mol,reviewed,18,8,17,10,8,9,0,3.8109e-05,True
9791,unitTests/9791.mol,reviewed,18,10,17,13,10,7,0,4.7368e-05,True
9801,unitTests/9801.mol,reviewed,19,9,18,12,10,8,1,2.8666e-05,True
9827,unitTests/9827.mol,reviewed,15,9,14,11,11,3,2,1.6623e-05,True
9877,unitTests/9877.mol,reviewed,19,8,18,13,10,8,2,4.02e-05,True
9882,unitTests/9882.mol,reviewed,14,8,13,10,10,3,2,1.5004e-05,True
9892,unitTests/9892.mol,reviewed,13,8,12,8,9,3,1,1.5521e-05,True
9900,unitTests/9900.mol,reviewed,15,8,14,10,8,6,0,3.4799e-05,True
9906,unitTests/9906.mol,reviewed,15,8,14,11,10,4,2,2.2474e-05,True
9920,unitTests/9920.mol,reviewed,14,9,13,11,10,3,1,1.5466e-05,True
9928,unitTests/9928.mol,reviewed,14,7,13,10,7,6,0,2.862e-05,True
9933,unitTests/9933.mol,reviewed,14,8,13,11,8,5,0,2.4973e-05,True
9959,unitTests/9959.mol,reviewed,14,9,13,11,10,3,1,1.6319e-05,True
9974,unitTests/9974.mol,reviewed,14,9,13,11,10,3,1,1.5277e-05,True
9979,unitTests/9979.mol,reviewed,15,9,14,11,10,4,1,2.0121e-05,True
9980,unitTests/9980.mol,reviewed,14,8,13,11,9,4,1,2.1087e-05,True
9984,unitTests/9984.mol,reviewed,10,5,9,7,5,4,0,1.2703e-05,True
9985,unitTests/9985.mol,reviewed,15,9,14,11,9,5,0,2.5518e-05,True
9988,unitTests/9988.mol,reviewed,14,8,13,10,8,5,0,2.323e-05,True
9991,unitTests/9991.mol,reviewed,14,9,13,11,10,3,1,1.5061e-05,True
9999,unitTests/9999.mol,reviewed,14,8,13,9,9,4,1,1.8751e-05,True
arginine,unitTests/arginine.mol,reviewed,11,9,10,9,9,1,0,1.1323e-05,True
tridecane,unitTests/tridecane.mol,reviewed,12,4,11,4,4,7,0,1.1315e-05,True
hexadecane,unitTests/hexadecane.mol,reviewed,15,5,14,6,6,8,1,1.3645e-05,True
icosane,unitTests/icosane.mol,reviewed,19,6,18,6,6,12,0,2.158e-05,True
diaminobenzene,unitTests/diaminobenzene.mol,reviewed,17,7,16,9,7,9,0,4.3099e-05,True
tryptophan,unitTests/tryptophan.mol,reviewed,16,11,15,13,11,4,0,2.2839e-05,True
AdaCOOMe,unitTests/AdaCOOMe.mol,reviewed,16,8,15,8,9,6,1,2.5911e-05,True
thioflavin,unitTests/thioflavin.mol,reviewed,22,13,21,15,13,8,0,5.0687e-05,True
quinoline_yellow,unitTests/quinoline_yellow.mol,reviewed,24,11,23,15,13,10,2,4.9439e-05,True
fmocAlanine,unitTests/fmocAlanine.mol,reviewed,25,14,24,17,16,8,2,5.0677e-05,True
fmocLeucine,unitTests/fmocLeucine.mol,reviewed,28,16,27,18,18,9,2,5.8243e-05,True
ceftiofur,unitTests/ceftiofur.mol,reviewed,37,26,36,28,29,7,3,8.6033e-05,True
folic_acid,unitTests/folic_acid.mol,reviewed,34,20,33,26,23,10,3,7.6599e-05,True
pirenperone,unitTests/pirenperone.mol,reviewed,32,19,31,22,21,10,2,5.7348e-05,True
sildenafil,unitTests/sildenafil.mol,reviewed,36,25,35,30,26,9,1,7.6952e-05,True
cefpodoxime,unitTests/cefpodoxime.mol,reviewed,30,22,29,26,23,6,1,6.0291e-05,True
sr1001,unitTests/sr1001.mol,reviewed,31,22,30,26,22,8,0,6.9506e-05,True
dienogest,unitTests/dienogest.mol,reviewed,26,11,25,16,12,13,1,5.5716e-05,True
bisphenylmaleimide,unitTests/bisphenylmaleimide.mol,reviewed,30,10,29,18,10,19,0,0.000104715,True
Cefquinome,unitTests/Cefquinome.mol,reviewed,40,25,39,34,26,13,1,0.000122274,True
Ceftiolene,unitTests/Ceftiolene.mol,reviewed,42,23,41,32,26,15,3,0.000113882,True
Cefpirome,unitTests/Cefpirome.mol,reviewed,39,25,38,30,26,12,1,0.000109363,True
THC,unitTests/THC.mol,reviewed,25,12,24,16,14,10,2,4.6492e-05,True
LSD,unitTests/LSD.mol,reviewed,27,13,26,19,15,11,2,5.4824e-05,True
heroin,unitTests/heroin.mol,reviewed,31,14,30,22,18,12,4,7.5127e-05,True
cocaine,unitTests/cocaine.mol,reviewed,24,14,23,16,15,8,1,5.148e-05,True
sucrose,unitTests/sucrose.mol,reviewed,24,8,23,16,10,13,2,4.8237e-05,True
ketoconazole,unitTests/ketoconazole.mol,reviewed,40,22,39,28,26,13,4,0.000101602,True
test0,unitTests/test0.mol,reviewed,12,9,11,10,9,2,0,1.4406e-05,True
test1,unitTests/test1.mol,reviewed,13,8,12,10,9,3,1,1.3135e-05,True
test2,unitTests/test2.mol,reviewed,12,9,11,9,9,2,0,1.267e-05,True
test3,unitTests/test3.mol,reviewed,11,8,10,10,8,2,0,1.4763e-05,True
test4,unitTests/test4.mol,reviewed,12,9,11,9,9,2,0,1.2554e-05,True
test5,unitTests/test5.mol,reviewed,13,9,12,10,9,3,0,1.5697e-05,True
test6,unitTests/test6.mol,reviewed,13,9,12,10,9,3,0,1.7274e-05,True
test7,unitTests/test7.mol,reviewed,13,8,12,10,9,3,1,2.1088e-05,True
test8,unitTests/test8.mol,reviewed,12,8,11,8,8,3,0,1.5158e-05,True
test9,unitTests/test9.mol,reviewed,13,9,12,10,9,3,0,1.9718e-05,True
test10,unitTests/test10.mol,reviewed,13,8,12,10,10,2,2,1.3008e-05,True
glutamate,unitTests/glutamate.mol,reviewed,9,5,8,7,5,3,0,1.4675e-05,True
histidine,unitTests/histidine.mol,reviewed,11,9,10,10,9,1,0,1.1906e-05,True
methionine,unitTests/methionine.mol,reviewed,8,7,7,7,7,0,0,5.151e-06,True
phenylalanine,unitTests/phenylalanine.mol,reviewed,12,9,11,10,9,2,0,1.1662e-05,True
proline,unitTests/proline.mol,reviewed,8,6,7,7,6,1,0,8.479e-06,True
tyrosine,unitTests/tyrosine.mol,reviewed,13,9,12,10,9,3,0,1.6762e-05,True
tetradecane,unitTests/tetradecane.mol,reviewed,13,5,12,5,5,7,0,1.3085e-05,True
pentadecane,unitTests/pentadecane.mol,reviewed,14,5,13,5,5,8,0,1.2615e-05,True
heptadecane,unitTests/heptadecane.mol,reviewed,16,4,15,4,4,11,0,1.6088e-05,True
octadecane,unitTests/octadecane.mol,reviewed,17,5,16,5,5,11,0,1.7975e-05,True
nonadecane,unitTests/nonadecane.mol,reviewed,18,5,17,5,5,12,0,1.827e-05,True
dipyridamole,unitTests/dipyridamole.mol,reviewed,39,15,38,25,16,22,1,0.000108975,True
graphio_test,unitTests/graphio_test,reviewed,11,5,10,6,5,5,0,3.1735e-05,True
C09390,unitTests/C09390.mol,reviewed,38,14,37,23,19,18,5,0.000178068,True
C10358,unitTests/C10358.mol,reviewed,31,9,30,18,11,19,2,0.000132862,True
C21584,unitTests/C21584.mol,reviewed,37,14,36,23,19,17,5,0.000180525,True
C16298,unitTests/C16298.mol,reviewed,35,16,34,26,18,16,2,7.1617e-05,True
C09038,unitTests/C09038.mol,reviewed,36,18,35,21,21,14,3,0.000122077,True
C12223,unitTests/C12223.mol,reviewed,34,16,33,20,18,15,2,8.9783e-05,True
C10535,unitTests/C10535.mol,reviewed,34,15,33,21,19,14,4,9.0768e-05,True
C10537,unitTests/C10537.mol,reviewed,34,15,33,21,17,16,2,9.2263e-05,True
C10658,unitTests/C10658.mol,reviewed,32,12,31,20,14,17,2,8.3258e-05,True
C20299,unitTests/C20299.mol,reviewed,33,16,32,23,17,15,1,8.7433e-05,True
C09084,unitTests/C09084.mol,reviewed,35,16,34,20,19,15,3,0.000102774,True
C12339,unitTests/C12339.mol,reviewed,31,14,30,23,17,13,3,7.2001e-05,True
C12073,unitTests/C12073.mol,reviewed,32,18,31,23,20,11,2,9.1517e-05,True
C09446,unitTests/C09446.mol,reviewed,29,14,28,19,16,12,2,6.8502e-05,True
C09343,unitTests/C09343.mol,reviewed,28,14,27,18,16,11,2,5.9326e-05,True
C09366,unitTests/C09366.mol,reviewed,27,14,26,19,15,11,1,7.5868e-05,True
C01453,unitTests/C01453.mol,reviewed,17,10,16,11,10,6,0,3.1301e-05,True
C09248,unitTests/C09248.mol,reviewed,40,18,39,25,22,17,4,0.000107134,True
C10303,unitTests/C10303.mol,reviewed,38,17,37,26,19,18,2,0.000114777,True
C10737,unitTests/C10737.mol,reviewed,40,13,39,23,15,24,2,0.000127462,True
C11817,unitTests/C11817.mol,reviewed,39,17,38,24,19,19,2,0.000102832,True
C09636,unitTests/C09636.mol,reviewed,36,17,35,24,20,15,3,7.8064e-05,True
C10270,unitTests/C10270.mol,reviewed,37,13,36,20,16,20,3,9.6701e-05,True
C10518,unitTests/C10518.mol,reviewed,35,14,34,23,17,17,3,8.6643e-05,True
C21591,unitTests/C21591.mol,reviewed,36,17,35,24,19,16,2,9.4889e-05,True
C09803,unitTests/C09803.mol,reviewed,35,16,34,25,17,17,1,7.6575e-05,True
C11195,unitTests/C11195.mol,reviewed,34,15,33,19,17,16,2,8.5668e-05,True
C12240,unitTests/C12240.mol,reviewed,35,18,34,25,18,16,0,0.000112128,True
C17449,unitTests/C17449.mol,reviewed,35,16,34,25,17,17,1,7.4308e-05,True
C03476,unitTests/C03476.mol,reviewed,34,18,33,28,18,15,0,9.9004e-05,True
C12340,unitTests/C12340.mol,reviewed,34,15,33,22,18,15,3,8.6359e-05,True
C17867,unitTests/C17867.mol,reviewed,35,14,34,23,16,18,2,0.000113057,True
C10873,unitTests/C10873.mol,reviewed,32,15,31,22,17,14,2,7.8703e-05,True
C12378,unitTests/C12378.mol,reviewed,33,14,32,24,18,14,4,9.3593e-05,True
C12423,unitTests/C12423.mol,reviewed,33,16,32,21,22,10,6,7.502e-05,True
C10553,unitTests/C10553.mol,reviewed,33,16,32,23,17,15,1,0.000100284,True
C10620,unitTests/C10620.mol,reviewed,33,15,32,20,16,16,1,8.9069e-05,True
C12228,unitTests/C12228.mol,reviewed,32,14,31,19,15,16,1,8.8434e-05,True
C21185,unitTests/C21185.mol,reviewed,33,16,32,23,17,15,1,9.7973e-05,True
C07127,unitTests/C07127.mol,reviewed,31,20,30,24,22,8,2,5.9547e-05,True
C07699,unitTests/C07699.mol,reviewed,29,16,28,24,16,12,0,7.8073e-05,True
C08732,unitTests/C08732.mol,reviewed,30,12,29,17,13,16,1,6.7937e-05,True
C10546,unitTests/C10546.mol,reviewed,33,14,32,21,16,16,2,9.078e-05,True
C10893,unitTests/C10893.mol,reviewed,32,13,31,18,15,16,2,7.8552e-05,True
C12080,unitTests/C12080.mol,reviewed,32,13,31,22,16,15,3,8.7082e-05,True
C12224,unitTests/C12224.mol,reviewed,31,14,30,18,16,14,2,8.8535e-05,True
C12373,unitTests/C12373.mol,reviewed,31,13,30,22,16,14,3,8.3919e-05,True
C17958,unitTests/C17958.mol,reviewed,31,12,30,19,14,16,2,7.0197e-05,True
C19981,unitTests/C19981.mol,reviewed,30,16,29,19,17,12,1,7.2025e-05,True
C01007,unitTests/C01007.mol,reviewed,29,16,28,22,17,11,1,6.4488e-05,True
C12367,unitTests/C12367.mol,reviewed,30,12,29,21,15,14,3,7.9903e-05,True
C17790,unitTests/C17790.mol,reviewed,30,14,29,18,16,13,2,8.0758e-05,True
C09764,unitTests/C09764.mol,reviewed,28,15,27,20,16,11,1,5.2174e-05,True
C10115,unitTests/C10115.mol,reviewed,28,12,27,19,12,15,0,7.1456e-05,True
C20168,unitTests/C20168.mol,reviewed,30,15,29,19,18,11,3,6.8192e-05,True
C20169,unitTests/C20169.mol,reviewed,30,15,29,19,18,11,3,6.0724e-05,True
C07622,unitTests/C07622.mol,reviewed,27,18,26,22,20,6,2,5.068e-05,True
C17533,unitTests/C17533.mol,reviewed,29,14,28,18,15,13,1,6.4685e-05,True
C18349,unitTests/C18349.mol,reviewed,25,12,24,18,16,8,4,5.0225e-05,True
C03036,unitTests/C03036.mol,reviewed,26,14,25,19,14,11,0,6.1922e-05,True
C03040,unitTests/C03040.mol,reviewed,26,14,25,19,14,11,0,5.6258e-05,True
C04527,unitTests/C04527.mol,reviewed,26,12,25,19,12,13,0,7.4537e-05,True
C09329,unitTests/C09329.mol,reviewed,27,16,26,19,18,8,2,5.4506e-05,True
C09334,unitTests/C09334.mol,reviewed,28,15,27,20,18,9,3,5.8885e-05,True
C09337,unitTests/C09337.mol,reviewed,26,15,25,20,16,9,1,6.5186e-05,True
C09770,unitTests/C09770.mol,reviewed,26,13,25,20,15,10,2,4.5885e-05,True
C17670,unitTests/C17670.mol,reviewed,26,12,25,16,14,11,2,6.5056e-05,True
C20517,unitTests/C20517.mol,reviewed,27,11,26,18,16,10,5,5.5345e-05,True
C03052,unitTests/C03052.mol,reviewed,25,12,24,20,14,10,2,5.1938e-05,True
C08528,unitTests/C08528.mol,reviewed,27,16,26,20,16,10,0,7.8836e-05,True
C09919,unitTests/C09919.mol,reviewed,25,13,24,19,16,8,3,4.0408e-05,True
C10655,unitTests/C10655.mol,reviewed,26,13,25,15,15,10,2,4.9927e-05,True
C08533,unitTests/C08533.mol,reviewed,25,15,24,20,17,7,2,4.4894e-05,True
C08761,unitTests/C08761.mol,reviewed,24,10,23,15,11,12,1,5.3664e-05,True
C09931,unitTests/C09931.mol,reviewed,25,11,24,18,14,10,3,5.4783e-05,True
C12331,unitTests/C12331.mol,reviewed,25,13,24,16,13,11,0,6.2295e-05,True
C14424,unitTests/C14424.mol,reviewed,25,10,24,16,10,14,0,6.5682e-05,True
C05631,unitTests/C05631.mol,reviewed,23,12,22,16,13,9,1,4.4832e-05,True
C06824,unitTests/C06824.mol,reviewed,23,11,22,16,12,10,1,4.4398e-05,True
C06971,unitTests/C06971.mol,reviewed,23,12,22,16,12,10,0,4.6946e-05,True
C07995,unitTests/C07995.mol,reviewed,22,10,21,16,10,11,0,6.5578e-05,True
C08531,unitTests/C08531.mol,reviewed,24,14,23,19,16,7,2,4.7059e-05,True
C09920,unitTests/C09920.mol,reviewed,24,11,23,16,13,10,2,5.8057e-05,True
C10060,unitTests/C10060.mol,reviewed,23,11,22,15,11,11,0,7.7055e-05,True
C10406,unitTests/C10406.mol,reviewed,23,12,22,15,13,9,1,6.0828e-05,True
C14470,unitTests/C14470.mol,reviewed,25,9,24,13,9,15,0,7.2423e-05,True
C14576,unitTests/C14576.mol,reviewed,25,8,24,12,8,16,0,6.2258e-05,True
C18282,unitTests/C18282.mol,reviewed,24,9,23,14,12,11,3,4.9161e-05,True
C03343,unitTests/C03343.mol,reviewed,20,12,19,14,13,6,1,3.2478e-05,True
C07274,unitTests/C07274.mol,reviewed,22,10,21,15,11,10,1,4.2218e-05,True
C08652,unitTests/C08652.mol,reviewed,22,10,21,15,11,10,1,4.7314e-05,True
C09368,unitTests/C09368.mol,reviewed,23,11,22,17,13,9,2,4.9507e-05,True
C10092,unitTests/C10092.mol,reviewed,22,10,21,15,12,9,2,4.3638e-05,True
C14320,unitTests/C14320.mol,reviewed,24,7,23,12,9,14,2,4.7528e-05,True
C14321,unitTests/C14321.mol,reviewed,24,7,23,12,8,15,1,5.0498e-05,True
C18260,unitTests/C18260.mol,reviewed,23,9,22,13,9,13,0,5.3987e-05,True
C19196,unitTests/C19196.mol,reviewed,24,7,23,11,9,14,2,5.2387e-05,True
C08574,unitTests/C08574.mol,reviewed,21,9,20,14,11,9,2,3.8096e-05,True
C09010,unitTests/C09010.mol,reviewed,21,10,20,15,11,9,1,4.8646e-05,True
C10088,unitTests/C10088.mol,reviewed,21,9,20,16,10,10,1,4.8694e-05,True
C18261,unitTests/C18261.mol,reviewed,22,9,21,13,9,12,0,5.1243e-05,True
C19211,unitTests/C19211.mol,reviewed,21,10,20,15,10,10,0,7.7208e-05,True
C22987,unitTests/C22987.mol,reviewed,21,10,20,14,11,9,1,4.7191e-05,True
C05926,unitTests/C05926.mol,reviewed,19,14,18,18,14,4,0,2.7177e-05,True
C18263,unitTests/C18263.mol,reviewed,21,8,20,12,8,12,0,4.8367e-05,True
C19320,unitTests/C19320.mol,reviewed,20,9,19,14,11,8,2,3.8653e-05,True
C22986,unitTests/C22986.mol,reviewed,20,9,19,14,11,8,2,3.8661e-05,True
C13668,unitTests/C13668.mol,reviewed,18,12,17,15,13,4,1,2.9886e-05,True
C15238,unitTests/C15238.mol,reviewed,19,10,18,14,11,7,1,3.6871e-05,True
C19343,unitTests/C19343.mol,reviewed,20,7,19,10,9,10,2,3.9401e-05,True
C19455,unitTests/C19455.mol,reviewed,20,7,19,10,9,10,2,4.5867e-05,True
C09954,unitTests/C09954.mol,reviewed,17,10,16,12,10,6,0,3.7277e-05,True
C06586,unitTests/C06586.mol,reviewed,16,8,15,10,9,6,1,2.4401e-05,True
C06722,unitTests/C06722.mol,reviewed,17,8,16,12,9,7,1,3.2095e-05,True
C14093,unitTests/C14093.mol,reviewed,16,9,15,10,9,6,0,3.4367e-05,True
C19253,unitTests/C19253.mol,reviewed,17,10,16,13,11,5,1,2.7125e-05,True
C03178,unitTests/C03178.mol,reviewed,15,7,14,13,7,7,0,3.2822e-05,True
C18920,unitTests/C18920.mol,reviewed,15,12,14,14,12,2,0,2.232e-05,True
C06325,unitTests/C06325.mol,reviewed,14,9,13,9,9,4,0,1.9154e-05,True
C06331,unitTests/C06331.mol,reviewed,14,9,13,11,10,3,1,1.7019e-05,True
C12346,unitTests/C12346.mol,reviewed,14,9,13,11,9,4,0,2.1834e-05,True
C07870,unitTests/C07870.mol,reviewed,13,9,12,11,9,3,0,2.0645e-05,True
C12114,unitTests/C12114.mol,reviewed,12,9,11,10,9,2,0,1.3878e-05,True
C01014,unitTests/C01014.mol,reviewed,11,8,10,9,8,2,0,1.2436e-05,True
C12305,unitTests/C12305.mol,reviewed,11,8,10,9,8,2,0,1.1457e-05,True
C00805,unitTests/C00805.mol,reviewed,10,7,9,8,7,2,0,1.1155e-05,True
C06728,unitTests/C06728.mol,reviewed,10,7,9,8,7,2,0,1.066e-05,True
C18620,unitTests/C18620.mol,reviewed,10,8,9,8,8,1,0,1.1159e-05,True
C02323,unitTests/C02323.mol,reviewed,9,6,8,7,6,2,0,9.134e-06,True
phosphatidylcholine,unitTests/phosphatidylcholine.mol,provisional,55,22,54,24,23,31,1,0.000116475,True
erythromycin,unitTests/erythromycin.mol,provisional,53,20,52,32,27,25,7,0.000131179,True
clarithromycin,unitTests/clarithromycin.mol,provisional,54,21,53,32,28,25,7,0.000128673,True
paclitaxel,benchmarks/inputs/paclitaxel.mol,provisional,68,23,67,36,30,37,7,0.000262852,True
amino-acid-scale-02c,benchmarks/inputs/scaling/amino_acid_scaling_02c_018a.mol,provisional,16,10,15,13,10,5,0,2.7009e-05,True
amino-acid-scale-03c,benchmarks/inputs/scaling/amino_acid_scaling_03c_027a.mol,provisional,24,13,23,18,13,10,0,3.7984e-05,True
amino-acid-scale-04c,benchmarks/inputs/scaling/amino_acid_scaling_04c_036a.mol,provisional,32,15,31,23,15,16,0,4.6005e-05,True
amino-acid-scale-05c,benchmarks/inputs/scaling/amino_acid_scaling_05c_043a.mol,provisional,38,17,37,27,17,20,0,5.2939e-05,True
amino-acid-scale-06c,benchmarks/inputs/scaling/amino_acid_scaling_06c_053a.mol,provisional,47,19,46,32,19,27,0,7.6329e-05,True
amino-acid-scale-07c,benchmarks/inputs/scaling/amino_acid_scaling_07c_063a.mol,provisional,56,21,55,39,24,31,3,0.000101365,True
amino-acid-scale-08c,benchmarks/inputs/scaling/amino_acid_scaling_08c_068a.mol,provisional,60,23,59,42,23,36,0,9.8306e-05,True
amino-acid-scale-09c,benchmarks/inputs/scaling/amino_acid_scaling_09c_077a.mol,provisional,68,25,67,48,26,41,1,0.000116779,True
amino-acid-scale-10c,benchmarks/inputs/scaling/amino_acid_scaling_10c_086a.mol,provisional,76,27,75,53,29,46,2,0.000149397,True
amino-acid-scale-11c,benchmarks/inputs/scaling/amino_acid_scaling_11c_096a.mol,provisional,85,29,84,57,33,51,4,0.000166414,True
amino-acid-scale-12c,benchmarks/inputs/scaling/amino_acid_scaling_12c_105a.mol,provisional,93,32,92,62,36,56,4,0.000181011,True
amino-acid-scale-13c,benchmarks/inputs/scaling/amino_acid_scaling_13c_113a.mol,provisional,100,34,99,66,38,61,4,0.000196457,True
mask-boundary-path-063b,benchmarks/inputs/scaling/homogeneous_path_063b,provisional,63,8,62,10,10,52,2,8.6537e-05,True
mask-boundary-path-064b,benchmarks/inputs/scaling/homogeneous_path_064b,provisional,64,6,63,6,6,57,0,9.1041e-05,True
mask-boundary-path-065b,benchmarks/inputs/scaling/homogeneous_path_065b,provisional,65,7,64,7,7,57,0,9.2911e-05,True
mask-boundary-path-127b,benchmarks/inputs/scaling/homogeneous_path_127b,provisional,127,10,126,12,12,114,2,0.000188525,True
mask-boundary-path-128b,benchmarks/inputs/scaling/homogeneous_path_128b,provisional,128,7,127,7,7,120,0,0.000203363,True
mask-boundary-path-129b,benchmarks/inputs/scaling/homogeneous_path_129b,provisional,129,8,128,8,8,120,0,0.000211095,True
