name,expectation,method,atoms,bonds,components,trivial_upper_bound,enumeration_limit,runtime_unlimited,algorithm_seconds,cpu_seconds,assembly_index,succeeded,exact_completed,runtime_limit_reached,enumeration_limit_reached,status,end_to_end_seconds,phase,round,position,process_timeout_seconds,calculation_started
icosane,reviewed,exact,20,19,1,18,50000000,True,0.000151115,0.000152,6,True,True,False,False,completed,0.0020582189990818733,warmup,0,0,,
icosane,reviewed,graph,20,19,1,18,50000000,True,3.5907e-05,3.8e-05,6,True,False,False,False,upper_bound,0.001859672000136925,warmup,0,1,,
icosane,reviewed,exact,20,19,1,18,50000000,True,0.00013032,0.000132,6,True,True,False,False,completed,0.0019108449996565469,measured,0,0,,
icosane,reviewed,graph,20,19,1,18,50000000,True,3.3164e-05,3.4e-05,6,True,False,False,False,upper_bound,0.0018013270000665216,measured,0,1,,
icosane,reviewed,graph,20,19,1,18,50000000,True,3.4423e-05,3.6e-05,6,True,False,False,False,upper_bound,0.001779882999471738,measured,1,0,,
icosane,reviewed,exact,20,19,1,18,50000000,True,0.000136266,0.000138,6,True,True,False,False,completed,0.0019029979994229507,measured,1,1,,
icosane,reviewed,exact,20,19,1,18,50000000,True,0.000130996,0.000132,6,True,True,False,False,completed,0.0019409520009503467,measured,2,0,,
icosane,reviewed,graph,20,19,1,18,50000000,True,3.358e-05,3.5e-05,6,True,False,False,False,upper_bound,0.0017618429992580786,measured,2,1,,
icosane,reviewed,graph,20,19,1,18,50000000,True,3.4282e-05,3.6e-05,6,True,False,False,False,upper_bound,0.001763909998771851,measured,3,0,,
icosane,reviewed,exact,20,19,1,18,50000000,True,0.000128457,0.00013,6,True,True,False,False,completed,0.0019019119990844047,measured,3,1,,
icosane,reviewed,exact,20,19,1,18,50000000,True,0.000122873,0.000124,6,True,True,False,False,completed,0.0018748250004136935,measured,4,0,,
icosane,reviewed,graph,20,19,1,18,50000000,True,3.3699e-05,3.5e-05,6,True,False,False,False,upper_bound,0.001783141000487376,measured,4,1,,
icosane,reviewed,graph,20,19,1,18,50000000,True,3.4949e-05,3.6e-05,6,True,False,False,False,upper_bound,0.001825063000069349,measured,5,0,,
icosane,reviewed,exact,20,19,1,18,50000000,True,0.000127365,0.000129,6,True,True,False,False,completed,0.0018695779999688966,measured,5,1,,
sr1001,reviewed,graph,30,31,1,30,50000000,True,9.4516e-05,9.7e-05,22,True,False,False,False,upper_bound,0.001870039999630535,warmup,0,0,,
sr1001,reviewed,exact,30,31,1,30,50000000,True,0.000380418,0.000382,22,True,True,False,False,completed,0.0021874859994568396,warmup,0,1,,
sr1001,reviewed,graph,30,31,1,30,50000000,True,9.699e-05,9.9e-05,22,True,False,False,False,upper_bound,0.0018809009998221882,measured,0,0,,
sr1001,reviewed,exact,30,31,1,30,50000000,True,0.000350169,0.000352,22,True,True,False,False,completed,0.00212705299964,measured,0,1,,
sr1001,reviewed,exact,30,31,1,30,50000000,True,0.000364842,0.000366,22,True,True,False,False,completed,0.002124153999830014,measured,1,0,,
sr1001,reviewed,graph,30,31,1,30,50000000,True,9.3086e-05,9.4e-05,22,True,False,False,False,upper_bound,0.0018607550009619445,measured,1,1,,
sr1001,reviewed,graph,30,31,1,30,50000000,True,9.1373e-05,9.3e-05,22,True,False,False,False,upper_bound,0.0018821410012606066,measured,2,0,,
sr1001,reviewed,exact,30,31,1,30,50000000,True,0.000360408,0.000362,22,True,True,False,False,completed,0.0021275310009514214,measured,2,1,,
sr1001,reviewed,exact,30,31,1,30,50000000,True,0.000350771,0.000352,22,True,True,False,False,completed,0.0021487060002982616,measured,3,0,,
sr1001,reviewed,graph,30,31,1,30,50000000,True,8.8813e-05,9e-05,22,True,False,False,False,upper_bound,0.0018333799998799805,measured,3,1,,
sr1001,reviewed,graph,30,31,1,30,50000000,True,9.1663e-05,9.3e-05,22,True,False,False,False,upper_bound,0.0018749299997580238,measured,4,0,,
sr1001,reviewed,exact,30,31,1,30,50000000,True,0.000358708,0.00036,22,True,True,False,False,completed,0.0021163180008443305,measured,4,1,,
sr1001,reviewed,exact,30,31,1,30,50000000,True,0.000352823,0.000354,22,True,True,False,False,completed,0.0021161249987926567,measured,5,0,,
sr1001,reviewed,graph,30,31,1,30,50000000,True,9.029e-05,9.2e-05,22,True,False,False,False,upper_bound,0.001847243998781778,measured,5,1,,
5843,reviewed,exact,15,20,1,19,50000000,True,0.006872507,0.006874,8,True,True,False,False,completed,0.008846194999932777,warmup,0,0,,
5843,reviewed,graph,15,20,1,19,50000000,True,6.2492e-05,6.4e-05,11,True,False,False,False,upper_bound,0.00183216299956257,warmup,0,1,,
5843,reviewed,exact,15,20,1,19,50000000,True,0.007063488,0.00705,8,True,True,False,False,completed,0.009129175999987638,measured,0,0,,
5843,reviewed,graph,15,20,1,19,50000000,True,6.3508e-05,6.5e-05,11,True,False,False,False,upper_bound,0.002010063000852824,measured,0,1,,
5843,reviewed,graph,15,20,1,19,50000000,True,6.0981e-05,6.2e-05,11,True,False,False,False,upper_bound,0.0019047589994443115,measured,1,0,,
5843,reviewed,exact,15,20,1,19,50000000,True,0.006800451,0.006802,8,True,True,False,False,completed,0.008861782998792478,measured,1,1,,
5843,reviewed,exact,15,20,1,19,50000000,True,0.006722869,0.006724,8,True,True,False,False,completed,0.00874583199947665,measured,2,0,,
5843,reviewed,graph,15,20,1,19,50000000,True,6.1187e-05,6.2e-05,11,True,False,False,False,upper_bound,0.0018473689997335896,measured,2,1,,
5843,reviewed,graph,15,20,1,19,50000000,True,6.4018e-05,6.6e-05,11,True,False,False,False,upper_bound,0.0018511739999667043,measured,3,0,,
5843,reviewed,exact,15,20,1,19,50000000,True,0.00686955,0.006871,8,True,True,False,False,completed,0.008883129999958328,measured,3,1,,
5843,reviewed,exact,15,20,1,19,50000000,True,0.006843919,0.006846,8,True,True,False,False,completed,0.008967492998635862,measured,4,0,,
5843,reviewed,graph,15,20,1,19,50000000,True,6.4015e-05,6.5e-05,11,True,False,False,False,upper_bound,0.0019121429995720973,measured,4,1,,
5843,reviewed,graph,15,20,1,19,50000000,True,6.1491e-05,6.3e-05,11,True,False,False,False,upper_bound,0.0019481270010146545,measured,5,0,,
5843,reviewed,exact,15,20,1,19,50000000,True,0.006808668,0.00681,8,True,True,False,False,completed,0.008790906000285759,measured,5,1,,
bisphenylmaleimide,reviewed,graph,27,30,1,29,50000000,True,0.000131397,0.000132,10,True,False,False,False,upper_bound,0.001893087001008098,warmup,0,0,,
bisphenylmaleimide,reviewed,exact,27,30,1,29,50000000,True,0.006150905,0.006152,10,True,True,False,False,completed,0.008100941000520834,warmup,0,1,,
bisphenylmaleimide,reviewed,graph,27,30,1,29,50000000,True,0.000131903,0.000133,10,True,False,False,False,upper_bound,0.001982150999538135,measured,0,0,,
bisphenylmaleimide,reviewed,exact,27,30,1,29,50000000,True,0.00623262,0.006234,10,True,True,False,False,completed,0.008321373999933712,measured,0,1,,
bisphenylmaleimide,reviewed,exact,27,30,1,29,50000000,True,0.006263124,0.006252,10,True,True,False,False,completed,0.00841358800062153,measured,1,0,,
bisphenylmaleimide,reviewed,graph,27,30,1,29,50000000,True,0.000153189,0.000155,10,True,False,False,False,upper_bound,0.0020156880000286037,measured,1,1,,
bisphenylmaleimide,reviewed,graph,27,30,1,29,50000000,True,0.000127663,0.000129,10,True,False,False,False,upper_bound,0.0019164050008839695,measured,2,0,,
bisphenylmaleimide,reviewed,exact,27,30,1,29,50000000,True,0.006308233,0.00631,10,True,True,False,False,completed,0.008265755999673274,measured,2,1,,
bisphenylmaleimide,reviewed,exact,27,30,1,29,50000000,True,0.006158275,0.00616,10,True,True,False,False,completed,0.008226567000747309,measured,3,0,,
bisphenylmaleimide,reviewed,graph,27,30,1,29,50000000,True,0.000126635,0.000129,10,True,False,False,False,upper_bound,0.0019637890000012703,measured,3,1,,
bisphenylmaleimide,reviewed,graph,27,30,1,29,50000000,True,0.000131292,0.000132,10,True,False,False,False,upper_bound,0.0019909039983758703,measured,4,0,,
bisphenylmaleimide,reviewed,exact,27,30,1,29,50000000,True,0.006257759,0.00626,10,True,True,False,False,completed,0.00834277699868835,measured,4,1,,
bisphenylmaleimide,reviewed,exact,27,30,1,29,50000000,True,0.006338173,0.006331,10,True,True,False,False,completed,0.008328382999025052,measured,5,0,,
bisphenylmaleimide,reviewed,graph,27,30,1,29,50000000,True,0.00012516,0.000127,10,True,False,False,False,upper_bound,0.0019476960005704314,measured,5,1,,
ketoconazole,reviewed,exact,36,40,1,39,50000000,True,0.018454058,0.018456,22,True,True,False,False,completed,0.020407117999639013,warmup,0,0,,
ketoconazole,reviewed,graph,36,40,1,39,50000000,True,0.000132888,0.000135,26,True,False,False,False,upper_bound,0.002027942999120569,warmup,0,1,,
ketoconazole,reviewed,exact,36,40,1,39,50000000,True,0.018273832,0.018275,22,True,True,False,False,completed,0.020283508998545585,measured,0,0,,
ketoconazole,reviewed,graph,36,40,1,39,50000000,True,0.000127832,0.00013,26,True,False,False,False,upper_bound,0.002017438999246224,measured,0,1,,
ketoconazole,reviewed,graph,36,40,1,39,50000000,True,0.000122898,0.000125,26,True,False,False,False,upper_bound,0.002025867001066217,measured,1,0,,
ketoconazole,reviewed,exact,36,40,1,39,50000000,True,0.018355586,0.018357,22,True,True,False,False,completed,0.020338596999863512,measured,1,1,,
ketoconazole,reviewed,exact,36,40,1,39,50000000,True,0.018233349,0.018225,22,True,True,False,False,completed,0.020326206000390812,measured,2,0,,
ketoconazole,reviewed,graph,36,40,1,39,50000000,True,0.00012396,0.000125,26,True,False,False,False,upper_bound,0.002068661000521388,measured,2,1,,
ketoconazole,reviewed,graph,36,40,1,39,50000000,True,0.000127141,0.000128,26,True,False,False,False,upper_bound,0.001989712998692994,measured,3,0,,
ketoconazole,reviewed,exact,36,40,1,39,50000000,True,0.018208434,0.018205,22,True,True,False,False,completed,0.020155719999820576,measured,3,1,,
ketoconazole,reviewed,exact,36,40,1,39,50000000,True,0.018243928,0.018246,22,True,True,False,False,completed,0.020281682998756878,measured,4,0,,
ketoconazole,reviewed,graph,36,40,1,39,50000000,True,0.000128602,0.00013,26,True,False,False,False,upper_bound,0.0020556910003506346,measured,4,1,,
ketoconazole,reviewed,graph,36,40,1,39,50000000,True,0.000122052,0.000124,26,True,False,False,False,upper_bound,0.0019662970007630065,measured,5,0,,
ketoconazole,reviewed,exact,36,40,1,39,50000000,True,0.018483855,0.01848,22,True,True,False,False,completed,0.02047339000091597,measured,5,1,,
THC,reviewed,graph,23,25,1,24,50000000,True,6.3756e-05,6.5e-05,14,True,False,False,False,upper_bound,0.0018981080011144513,warmup,0,0,,
THC,reviewed,exact,23,25,1,24,50000000,True,0.002784051,0.002785,12,True,True,False,False,completed,0.0047715290002088295,warmup,0,1,,
THC,reviewed,graph,23,25,1,24,50000000,True,6.0683e-05,6.2e-05,14,True,False,False,False,upper_bound,0.0019182020005246159,measured,0,0,,
THC,reviewed,exact,23,25,1,24,50000000,True,0.002775964,0.002778,12,True,True,False,False,completed,0.004643590000341646,measured,0,1,,
THC,reviewed,exact,23,25,1,24,50000000,True,0.002767604,0.002769,12,True,True,False,False,completed,0.0045870419999118894,measured,1,0,,
THC,reviewed,graph,23,25,1,24,50000000,True,6.3715e-05,6.5e-05,14,True,False,False,False,upper_bound,0.0018532170015532756,measured,1,1,,
THC,reviewed,graph,23,25,1,24,50000000,True,6.0158e-05,6.1e-05,14,True,False,False,False,upper_bound,0.0019003349989361595,measured,2,0,,
THC,reviewed,exact,23,25,1,24,50000000,True,0.00273697,0.002739,12,True,True,False,False,completed,0.00459545900048397,measured,2,1,,
THC,reviewed,exact,23,25,1,24,50000000,True,0.002706865,0.002708,12,True,True,False,False,completed,0.004521464001300046,measured,3,0,,
THC,reviewed,graph,23,25,1,24,50000000,True,6.2233e-05,6.3e-05,14,True,False,False,False,upper_bound,0.0019057910012634238,measured,3,1,,
THC,reviewed,graph,23,25,1,24,50000000,True,6.1449e-05,6.3e-05,14,True,False,False,False,upper_bound,0.0019266940016677836,measured,4,0,,
THC,reviewed,exact,23,25,1,24,50000000,True,0.002738205,0.00274,12,True,True,False,False,completed,0.004608013001416111,measured,4,1,,
THC,reviewed,exact,23,25,1,24,50000000,True,0.002715272,0.002717,12,True,True,False,False,completed,0.004522823999650427,measured,5,0,,
THC,reviewed,graph,23,25,1,24,50000000,True,6.0594e-05,6.2e-05,14,True,False,False,False,upper_bound,0.001847433999500936,measured,5,1,,
sucrose,reviewed,exact,23,24,1,23,50000000,True,0.002352318,0.002347,8,True,True,False,False,completed,0.004308762001528521,warmup,0,0,,
sucrose,reviewed,graph,23,24,1,23,50000000,True,6.7245e-05,6.9e-05,10,True,False,False,False,upper_bound,0.001955628000359866,warmup,0,1,,
sucrose,reviewed,exact,23,24,1,23,50000000,True,0.002264354,0.002266,8,True,True,False,False,completed,0.004088793999471818,measured,0,0,,
sucrose,reviewed,graph,23,24,1,23,50000000,True,6.6532e-05,6.8e-05,10,True,False,False,False,upper_bound,0.0018831229990610154,measured,0,1,,
sucrose,reviewed,graph,23,24,1,23,50000000,True,6.4248e-05,6.6e-05,10,True,False,False,False,upper_bound,0.0019684760009113234,measured,1,0,,
sucrose,reviewed,exact,23,24,1,23,50000000,True,0.002277067,0.002279,8,True,True,False,False,completed,0.0041332949986099266,measured,1,1,,
sucrose,reviewed,exact,23,24,1,23,50000000,True,0.002282034,0.002284,8,True,True,False,False,completed,0.004116127998713637,measured,2,0,,
sucrose,reviewed,graph,23,24,1,23,50000000,True,6.1751e-05,6.3e-05,10,True,False,False,False,upper_bound,0.0018347810000705067,measured,2,1,,
sucrose,reviewed,graph,23,24,1,23,50000000,True,6.304e-05,6.4e-05,10,True,False,False,False,upper_bound,0.0019324309996591182,measured,3,0,,
sucrose,reviewed,exact,23,24,1,23,50000000,True,0.002300773,0.002303,8,True,True,False,False,completed,0.0041076699999393895,measured,3,1,,
sucrose,reviewed,exact,23,24,1,23,50000000,True,0.002274728,0.002276,8,True,True,False,False,completed,0.0040912730000854935,measured,4,0,,
sucrose,reviewed,graph,23,24,1,23,50000000,True,6.5039e-05,6.7e-05,10,True,False,False,False,upper_bound,0.0018319169994356344,measured,4,1,,
sucrose,reviewed,graph,23,24,1,23,50000000,True,6.1043e-05,6.3e-05,10,True,False,False,False,upper_bound,0.0018067670007440029,measured,5,0,,
sucrose,reviewed,exact,23,24,1,23,50000000,True,0.002301388,0.002303,8,True,True,False,False,completed,0.0041151810000883415,measured,5,1,,
graphio,reviewed,graph,12,11,1,10,50000000,True,4.0828e-05,4.2e-05,5,True,False,False,False,upper_bound,0.001891637000881019,warmup,0,0,,
graphio,reviewed,exact,12,11,1,10,50000000,True,0.001519353,0.00152,5,True,True,False,False,completed,0.003305579999505426,warmup,0,1,,
graphio,reviewed,graph,12,11,1,10,50000000,True,3.7912e-05,3.9e-05,5,True,False,False,False,upper_bound,0.0018087690004904289,measured,0,0,,
graphio,reviewed,exact,12,11,1,10,50000000,True,0.001569397,0.001571,5,True,True,False,False,completed,0.0034157390000473242,measured,0,1,,
graphio,reviewed,exact,12,11,1,10,50000000,True,0.001506353,0.001508,5,True,True,False,False,completed,0.003399774999707006,measured,1,0,,
graphio,reviewed,graph,12,11,1,10,50000000,True,3.8015e-05,3.9e-05,5,True,False,False,False,upper_bound,0.0018667759995878441,measured,1,1,,
graphio,reviewed,graph,12,11,1,10,50000000,True,3.8143e-05,3.9e-05,5,True,False,False,False,upper_bound,0.0018681410001590848,measured,2,0,,
graphio,reviewed,exact,12,11,1,10,50000000,True,0.001519132,0.001521,5,True,True,False,False,completed,0.0034320989998377627,measured,2,1,,
graphio,reviewed,exact,12,11,1,10,50000000,True,0.001532352,0.001527,5,True,True,False,False,completed,0.003425987999435165,measured,3,0,,
graphio,reviewed,graph,12,11,1,10,50000000,True,3.6739e-05,3.8e-05,5,True,False,False,False,upper_bound,0.0017957889995159348,measured,3,1,,
graphio,reviewed,graph,12,11,1,10,50000000,True,3.862e-05,4e-05,5,True,False,False,False,upper_bound,0.0017874040004244307,measured,4,0,,
graphio,reviewed,exact,12,11,1,10,50000000,True,0.001534281,0.001521,5,True,True,False,False,completed,0.0032832369997777278,measured,4,1,,
graphio,reviewed,exact,12,11,1,10,50000000,True,0.001495518,0.001497,5,True,True,False,False,completed,0.003385332000107155,measured,5,0,,
graphio,reviewed,graph,12,11,1,10,50000000,True,3.9841e-05,4.2e-05,5,True,False,False,False,upper_bound,0.001857437999206013,measured,5,1,,
Ceftiolene,reviewed,exact,39,42,1,41,50000000,True,0.008733772,0.008728,23,True,True,False,False,completed,0.010629520000293269,warmup,0,0,,
Ceftiolene,reviewed,graph,39,42,1,41,50000000,True,0.000141391,0.000143,26,True,False,False,False,upper_bound,0.0019179739992978284,warmup,0,1,,
Ceftiolene,reviewed,exact,39,42,1,41,50000000,True,0.008657511,0.008659,23,True,True,False,False,completed,0.010546729999987292,measured,0,0,,
Ceftiolene,reviewed,graph,39,42,1,41,50000000,True,0.00013799,0.00014,26,True,False,False,False,upper_bound,0.0020546870000544004,measured,0,1,,
Ceftiolene,reviewed,graph,39,42,1,41,50000000,True,0.000141623,0.000143,26,True,False,False,False,upper_bound,0.0020565409995469963,measured,1,0,,
Ceftiolene,reviewed,exact,39,42,1,41,50000000,True,0.00848856,0.00849,23,True,True,False,False,completed,0.010348134999730974,measured,1,1,,
Ceftiolene,reviewed,exact,39,42,1,41,50000000,True,0.008477397,0.008478,23,True,True,False,False,completed,0.010361896000176785,measured,2,0,,
Ceftiolene,reviewed,graph,39,42,1,41,50000000,True,0.000139683,0.000142,26,True,False,False,False,upper_bound,0.0019873849996656645,measured,2,1,,
Ceftiolene,reviewed,graph,39,42,1,41,50000000,True,0.000139102,0.000141,26,True,False,False,False,upper_bound,0.0019812640002783155,measured,3,0,,
Ceftiolene,reviewed,exact,39,42,1,41,50000000,True,0.008561766,0.008563,23,True,True,False,False,completed,0.010440543001095648,measured,3,1,,
Ceftiolene,reviewed,exact,39,42,1,41,50000000,True,0.008568014,0.00857,23,True,True,False,False,completed,0.010523334000026807,measured,4,0,,
Ceftiolene,reviewed,graph,39,42,1,41,50000000,True,0.000138852,0.000141,26,True,False,False,False,upper_bound,0.002075339998555137,measured,4,1,,
Ceftiolene,reviewed,graph,39,42,1,41,50000000,True,0.000139154,0.00014,26,True,False,False,False,upper_bound,0.002015025000218884,measured,5,0,,
Ceftiolene,reviewed,exact,39,42,1,41,50000000,True,0.008726353,0.008728,23,True,True,False,False,completed,0.010688921000109985,measured,5,1,,
Cefquinome,reviewed,graph,36,40,1,39,50000000,True,0.000251239,0.000255,26,True,False,False,False,upper_bound,0.002950106998468982,warmup,0,0,,
Cefquinome,reviewed,exact,36,40,1,39,50000000,True,0.009994351,0.009997,25,True,True,False,False,completed,0.012880704000053811,warmup,0,1,,
Cefquinome,reviewed,graph,36,40,1,39,50000000,True,0.000211113,0.000215,26,True,False,False,False,upper_bound,0.0029271210005390458,measured,0,0,,
Cefquinome,reviewed,exact,36,40,1,39,50000000,True,0.009841713,0.009827,25,True,True,False,False,completed,0.012723605999781284,measured,0,1,,
Cefquinome,reviewed,exact,36,40,1,39,50000000,True,0.009325447,0.00933,25,True,True,False,False,completed,0.012326254000072367,measured,1,0,,
Cefquinome,reviewed,graph,36,40,1,39,50000000,True,0.000164685,0.000168,26,True,False,False,False,upper_bound,0.00283040400063328,measured,1,1,,
Cefquinome,reviewed,graph,36,40,1,39,50000000,True,0.000147887,0.00015,26,True,False,False,False,upper_bound,0.002204252999945311,measured,2,0,,
Cefquinome,reviewed,exact,36,40,1,39,50000000,True,0.008928775,0.008931,25,True,True,False,False,completed,0.011280173999693943,measured,2,1,,
Cefquinome,reviewed,exact,36,40,1,39,50000000,True,0.007191966,0.007195,25,True,True,False,False,completed,0.009991785998863634,measured,3,0,,
Cefquinome,reviewed,graph,36,40,1,39,50000000,True,0.000150487,0.000152,26,True,False,False,False,upper_bound,0.0022938130005059065,measured,3,1,,
Cefquinome,reviewed,graph,36,40,1,39,50000000,True,0.000162359,0.000164,26,True,False,False,False,upper_bound,0.002020755999183166,measured,4,0,,
Cefquinome,reviewed,exact,36,40,1,39,50000000,True,0.006168969,0.00617,25,True,True,False,False,completed,0.008440609999524895,measured,4,1,,
Cefquinome,reviewed,exact,36,40,1,39,50000000,True,0.006438516,0.006432,25,True,True,False,False,completed,0.008497308001096826,measured,5,0,,
Cefquinome,reviewed,graph,36,40,1,39,50000000,True,0.000150083,0.000151,26,True,False,False,False,upper_bound,0.0020643690004362725,measured,5,1,,
Cefpirome,reviewed,exact,35,39,1,38,50000000,True,0.006255782,0.006257,25,True,True,False,False,completed,0.008248034000644111,warmup,0,0,,
Cefpirome,reviewed,graph,35,39,1,38,50000000,True,0.000137573,0.000139,26,True,False,False,False,upper_bound,0.002001660999667365,warmup,0,1,,
Cefpirome,reviewed,exact,35,39,1,38,50000000,True,0.00640045,0.006402,25,True,True,False,False,completed,0.00927661000059743,measured,0,0,,
Cefpirome,reviewed,graph,35,39,1,38,50000000,True,0.000142108,0.000143,26,True,False,False,False,upper_bound,0.0021164919999137055,measured,0,1,,
Cefpirome,reviewed,graph,35,39,1,38,50000000,True,0.000149659,0.000151,26,True,False,False,False,upper_bound,0.002038843998889206,measured,1,0,,
Cefpirome,reviewed,exact,35,39,1,38,50000000,True,0.006574249,0.006576,25,True,True,False,False,completed,0.008756492999964394,measured,1,1,,
Cefpirome,reviewed,exact,35,39,1,38,50000000,True,0.006387055,0.006389,25,True,True,False,False,completed,0.008554967000236502,measured,2,0,,
Cefpirome,reviewed,graph,35,39,1,38,50000000,True,0.000144117,0.000146,26,True,False,False,False,upper_bound,0.002076721999401343,measured,2,1,,
Cefpirome,reviewed,graph,35,39,1,38,50000000,True,0.000145865,0.000147,26,True,False,False,False,upper_bound,0.0020539800007099984,measured,3,0,,
Cefpirome,reviewed,exact,35,39,1,38,50000000,True,0.006485778,0.006487,25,True,True,False,False,completed,0.008440328001597663,measured,3,1,,
Cefpirome,reviewed,exact,35,39,1,38,50000000,True,0.006643592,0.006646,25,True,True,False,False,completed,0.008975852999355993,measured,4,0,,
Cefpirome,reviewed,graph,35,39,1,38,50000000,True,0.000146268,0.000148,26,True,False,False,False,upper_bound,0.002176809999582474,measured,4,1,,
Cefpirome,reviewed,graph,35,39,1,38,50000000,True,0.000140769,0.000143,26,True,False,False,False,upper_bound,0.0020181569998385385,measured,5,0,,
Cefpirome,reviewed,exact,35,39,1,38,50000000,True,0.00640749,0.006409,25,True,True,False,False,completed,0.008506992999173235,measured,5,1,,
dipyridamole,reviewed,graph,36,39,1,38,50000000,True,0.000138857,0.00014,16,True,False,False,False,upper_bound,0.002134264001142583,warmup,0,0,,
dipyridamole,reviewed,exact,36,39,1,38,50000000,True,0.007615312,0.007617,15,True,True,False,False,completed,0.009763740001289989,warmup,0,1,,
dipyridamole,reviewed,graph,36,39,1,38,50000000,True,0.000142885,0.000145,16,True,False,False,False,upper_bound,0.002049725999313523,measured,0,0,,
dipyridamole,reviewed,exact,36,39,1,38,50000000,True,0.00749125,0.007493,15,True,True,False,False,completed,0.009532553000099142,measured,0,1,,
dipyridamole,reviewed,exact,36,39,1,38,50000000,True,0.00729657,0.007298,15,True,True,False,False,completed,0.009280715999921085,measured,1,0,,
dipyridamole,reviewed,graph,36,39,1,38,50000000,True,0.000131109,0.000133,16,True,False,False,False,upper_bound,0.0019627180008683354,measured,1,1,,
dipyridamole,reviewed,graph,36,39,1,38,50000000,True,0.000128955,0.00013,16,True,False,False,False,upper_bound,0.0020024630011903355,measured,2,0,,
dipyridamole,reviewed,exact,36,39,1,38,50000000,True,0.00743004,0.007405,15,True,True,False,False,completed,0.009401921999597107,measured,2,1,,
dipyridamole,reviewed,exact,36,39,1,38,50000000,True,0.007585784,0.007546,15,True,True,False,False,completed,0.009790246000193292,measured,3,0,,
dipyridamole,reviewed,graph,36,39,1,38,50000000,True,0.000134843,0.000136,16,True,False,False,False,upper_bound,0.0021804970001539914,measured,3,1,,
dipyridamole,reviewed,graph,36,39,1,38,50000000,True,0.000136029,0.000137,16,True,False,False,False,upper_bound,0.002132449000782799,measured,4,0,,
dipyridamole,reviewed,exact,36,39,1,38,50000000,True,0.007471227,0.007473,15,True,True,False,False,completed,0.009576192000167794,measured,4,1,,
dipyridamole,reviewed,exact,36,39,1,38,50000000,True,0.007419725,0.007422,15,True,True,False,False,completed,0.00977031500042358,measured,5,0,,
dipyridamole,reviewed,graph,36,39,1,38,50000000,True,0.000137033,0.000139,16,True,False,False,False,upper_bound,0.0021500910006579943,measured,5,1,,
ceftiofur,reviewed,exact,34,37,1,36,50000000,True,0.003346308,0.003348,26,True,True,False,False,completed,0.0053366350002761465,warmup,0,0,,
ceftiofur,reviewed,graph,34,37,1,36,50000000,True,0.000102171,0.000104,29,True,False,False,False,upper_bound,0.0020393209997564554,warmup,0,1,,
ceftiofur,reviewed,exact,34,37,1,36,50000000,True,0.003298193,0.0033,26,True,True,False,False,completed,0.005155579001439037,measured,0,0,,
ceftiofur,reviewed,graph,34,37,1,36,50000000,True,0.000105077,0.000106,29,True,False,False,False,upper_bound,0.0018965879989991663,measured,0,1,,
ceftiofur,reviewed,graph,34,37,1,36,50000000,True,9.9224e-05,0.0001,29,True,False,False,False,upper_bound,0.00197688600019319,measured,1,0,,
ceftiofur,reviewed,exact,34,37,1,36,50000000,True,0.003316167,0.003318,26,True,True,False,False,completed,0.005166218999875127,measured,1,1,,
ceftiofur,reviewed,exact,34,37,1,36,50000000,True,0.003320331,0.003322,26,True,True,False,False,completed,0.005161656999916886,measured,2,0,,
ceftiofur,reviewed,graph,34,37,1,36,50000000,True,0.000107793,0.000109,29,True,False,False,False,upper_bound,0.001974473998416215,measured,2,1,,
ceftiofur,reviewed,graph,34,37,1,36,50000000,True,0.000105169,0.000107,29,True,False,False,False,upper_bound,0.0018737329992291052,measured,3,0,,
ceftiofur,reviewed,exact,34,37,1,36,50000000,True,0.003358282,0.00336,26,True,True,False,False,completed,0.005247576998954173,measured,3,1,,
ceftiofur,reviewed,exact,34,37,1,36,50000000,True,0.003349384,0.00335,26,True,True,False,False,completed,0.005317728999216342,measured,4,0,,
ceftiofur,reviewed,graph,34,37,1,36,50000000,True,0.000105017,0.000107,29,True,False,False,False,upper_bound,0.002019645000473247,measured,4,1,,
ceftiofur,reviewed,graph,34,37,1,36,50000000,True,0.000103223,0.000105,29,True,False,False,False,upper_bound,0.00197716300135653,measured,5,0,,
ceftiofur,reviewed,exact,34,37,1,36,50000000,True,0.003322336,0.003324,26,True,True,False,False,completed,0.005160282000360894,measured,5,1,,
dienogest,reviewed,graph,23,26,1,25,50000000,True,7.6956e-05,7.9e-05,12,True,False,False,False,upper_bound,0.0019594059995142743,warmup,0,0,,
dienogest,reviewed,exact,23,26,1,25,50000000,True,0.003616445,0.003618,11,True,True,False,False,completed,0.005699338000340504,warmup,0,1,,
dienogest,reviewed,graph,23,26,1,25,50000000,True,7.6952e-05,7.9e-05,12,True,False,False,False,upper_bound,0.0019560469991120044,measured,0,0,,
dienogest,reviewed,exact,23,26,1,25,50000000,True,0.003565418,0.003567,11,True,True,False,False,completed,0.005501573999936227,measured,0,1,,
dienogest,reviewed,exact,23,26,1,25,50000000,True,0.003578705,0.003581,11,True,True,False,False,completed,0.005456545999550144,measured,1,0,,
dienogest,reviewed,graph,23,26,1,25,50000000,True,7.5075e-05,7.6e-05,12,True,False,False,False,upper_bound,0.0019423519988777116,measured,1,1,,
dienogest,reviewed,graph,23,26,1,25,50000000,True,7.2929e-05,7.5e-05,12,True,False,False,False,upper_bound,0.00199011199947563,measured,2,0,,
dienogest,reviewed,exact,23,26,1,25,50000000,True,0.003527035,0.003528,11,True,True,False,False,completed,0.005428573998869979,measured,2,1,,
dienogest,reviewed,exact,23,26,1,25,50000000,True,0.003598103,0.003592,11,True,True,False,False,completed,0.005510572000275715,measured,3,0,,
dienogest,reviewed,graph,23,26,1,25,50000000,True,7.2695e-05,7.4e-05,12,True,False,False,False,upper_bound,0.0020082270002603764,measured,3,1,,
dienogest,reviewed,graph,23,26,1,25,50000000,True,7.5197e-05,7.6e-05,12,True,False,False,False,upper_bound,0.0019795829994109226,measured,4,0,,
dienogest,reviewed,exact,23,26,1,25,50000000,True,0.003586305,0.003588,11,True,True,False,False,completed,0.0054868279985385016,measured,4,1,,
dienogest,reviewed,exact,23,26,1,25,50000000,True,0.003549753,0.003551,11,True,True,False,False,completed,0.005616291000478668,measured,5,0,,
dienogest,reviewed,graph,23,26,1,25,50000000,True,7.4521e-05,7.6e-05,12,True,False,False,False,upper_bound,0.001861094000560115,measured,5,1,,
folic_acid,reviewed,exact,32,34,1,33,50000000,True,0.00286396,0.002856,20,True,True,False,False,completed,0.004720958000689279,warmup,0,0,,
folic_acid,reviewed,graph,32,34,1,33,50000000,True,0.000101844,0.000104,23,True,False,False,False,upper_bound,0.0018757840007310733,warmup,0,1,,
folic_acid,reviewed,exact,32,34,1,33,50000000,True,0.002773676,0.002775,20,True,True,False,False,completed,0.004700239000158035,measured,0,0,,
folic_acid,reviewed,graph,32,34,1,33,50000000,True,9.5302e-05,9.7e-05,23,True,False,False,False,upper_bound,0.0019663229995785514,measured,0,1,,
folic_acid,reviewed,graph,32,34,1,33,50000000,True,9.2568e-05,9.4e-05,23,True,False,False,False,upper_bound,0.0019064659991272492,measured,1,0,,
folic_acid,reviewed,exact,32,34,1,33,50000000,True,0.002794301,0.002795,20,True,True,False,False,completed,0.004612789000020712,measured,1,1,,
folic_acid,reviewed,exact,32,34,1,33,50000000,True,0.002762125,0.002764,20,True,True,False,False,completed,0.00465007099955983,measured,2,0,,
folic_acid,reviewed,graph,32,34,1,33,50000000,True,9.4944e-05,9.6e-05,23,True,False,False,False,upper_bound,0.001973499000087031,measured,2,1,,
folic_acid,reviewed,graph,32,34,1,33,50000000,True,9.4792e-05,9.6e-05,23,True,False,False,False,upper_bound,0.0019731909997062758,measured,3,0,,
folic_acid,reviewed,exact,32,34,1,33,50000000,True,0.002758743,0.00276,20,True,True,False,False,completed,0.004707648999101366,measured,3,1,,
folic_acid,reviewed,exact,32,34,1,33,50000000,True,0.002847598,0.002842,20,True,True,False,False,completed,0.0047292069994000485,measured,4,0,,
folic_acid,reviewed,graph,32,34,1,33,50000000,True,9.7711e-05,9.9e-05,23,True,False,False,False,upper_bound,0.0018633210002008127,measured,4,1,,
folic_acid,reviewed,graph,32,34,1,33,50000000,True,9.621e-05,9.7e-05,23,True,False,False,False,upper_bound,0.001878334000139148,measured,5,0,,
folic_acid,reviewed,exact,32,34,1,33,50000000,True,0.002751252,0.002753,20,True,True,False,False,completed,0.004748611001559766,measured,5,1,,
phosphatidylcholine,provisional,graph,56,55,1,54,50000000,True,0.000128615,0.00013,23,True,False,False,False,upper_bound,0.002077503999316832,warmup,0,0,,
phosphatidylcholine,provisional,exact,56,55,1,54,50000000,True,0.425311038,0.42529,22,True,True,False,False,completed,0.4274213699991378,warmup,0,1,,
phosphatidylcholine,provisional,graph,56,55,1,54,50000000,True,0.000137524,0.000139,23,True,False,False,False,upper_bound,0.002195896999182878,measured,0,0,,
phosphatidylcholine,provisional,exact,56,55,1,54,50000000,True,0.41216514,0.412084,22,True,True,False,False,completed,0.41438963299879106,measured,0,1,,
phosphatidylcholine,provisional,exact,56,55,1,54,50000000,True,0.414312925,0.414298,22,True,True,False,False,completed,0.4165897139992012,measured,1,0,,
phosphatidylcholine,provisional,graph,56,55,1,54,50000000,True,0.000128311,0.00013,23,True,False,False,False,upper_bound,0.0020632650011975784,measured,1,1,,
phosphatidylcholine,provisional,graph,56,55,1,54,50000000,True,0.000125813,0.000127,23,True,False,False,False,upper_bound,0.0019793129995377967,measured,2,0,,
phosphatidylcholine,provisional,exact,56,55,1,54,50000000,True,0.410694357,0.410652,22,True,True,False,False,completed,0.41277625700058707,measured,2,1,,
phosphatidylcholine,provisional,exact,56,55,1,54,50000000,True,0.407529769,0.407465,22,True,True,False,False,completed,0.40986354899905564,measured,3,0,,
phosphatidylcholine,provisional,graph,56,55,1,54,50000000,True,0.000132012,0.000134,23,True,False,False,False,upper_bound,0.0021462629993038718,measured,3,1,,
phosphatidylcholine,provisional,graph,56,55,1,54,50000000,True,0.000125091,0.000126,23,True,False,False,False,upper_bound,0.002004559999477351,measured,4,0,,
phosphatidylcholine,provisional,exact,56,55,1,54,50000000,True,0.406430386,0.406388,22,True,True,False,False,completed,0.4086001519990532,measured,4,1,,
phosphatidylcholine,provisional,exact,56,55,1,54,50000000,True,0.408986847,0.408906,22,True,True,False,False,completed,0.41127019499981543,measured,5,0,,
phosphatidylcholine,provisional,graph,56,55,1,54,50000000,True,0.000129115,0.000131,23,True,False,False,False,upper_bound,0.002138183999704779,measured,5,1,,
erythromycin,provisional,exact,51,53,1,52,50000000,True,1.347885482,1.347758,20,True,True,False,False,completed,1.3522813310009951,warmup,0,0,,
erythromycin,provisional,graph,51,53,1,52,50000000,True,0.000151498,0.000153,27,True,False,False,False,upper_bound,0.0022098000008554664,warmup,0,1,,
erythromycin,provisional,exact,51,53,1,52,50000000,True,1.347054884,1.346905,20,True,True,False,False,completed,1.3515239600001223,measured,0,0,,
erythromycin,provisional,graph,51,53,1,52,50000000,True,0.0001593,0.000161,27,True,False,False,False,upper_bound,0.002160800000638119,measured,0,1,,
erythromycin,provisional,graph,51,53,1,52,50000000,True,0.0001504,0.000152,27,True,False,False,False,upper_bound,0.00206788899959065,measured,1,0,,
erythromycin,provisional,exact,51,53,1,52,50000000,True,1.350411673,1.350265,20,True,True,False,False,completed,1.3547092619992327,measured,1,1,,
erythromycin,provisional,exact,51,53,1,52,50000000,True,1.346899054,1.346774,20,True,True,False,False,completed,1.3514429890001338,measured,2,0,,
erythromycin,provisional,graph,51,53,1,52,50000000,True,0.000151463,0.000154,27,True,False,False,False,upper_bound,0.002291238999532652,measured,2,1,,
erythromycin,provisional,graph,51,53,1,52,50000000,True,0.000147547,0.000149,27,True,False,False,False,upper_bound,0.0021559619999607094,measured,3,0,,
erythromycin,provisional,exact,51,53,1,52,50000000,True,1.34824496,1.348094,20,True,True,False,False,completed,1.3526963679996697,measured,3,1,,
erythromycin,provisional,exact,51,53,1,52,50000000,True,1.345671564,1.345558,20,True,True,False,False,completed,1.3502774970002065,measured,4,0,,
erythromycin,provisional,graph,51,53,1,52,50000000,True,0.00016281,0.000164,27,True,False,False,False,upper_bound,0.0021961359998385888,measured,4,1,,
erythromycin,provisional,graph,51,53,1,52,50000000,True,0.000148638,0.00015,27,True,False,False,False,upper_bound,0.0020776269993803,measured,5,0,,
erythromycin,provisional,exact,51,53,1,52,50000000,True,1.347172752,1.347001,20,True,True,False,False,completed,1.3514441620009165,measured,5,1,,
clarithromycin,provisional,graph,52,54,1,53,50000000,True,0.000153241,0.000155,28,True,False,False,False,upper_bound,0.002222867000455153,warmup,0,0,,
clarithromycin,provisional,exact,52,54,1,53,50000000,True,4.289896296,4.28932,21,True,True,False,False,completed,4.296164576999217,warmup,0,1,,
clarithromycin,provisional,graph,52,54,1,53,50000000,True,0.00015753,0.000159,28,True,False,False,False,upper_bound,0.002229472998806159,measured,0,0,,
clarithromycin,provisional,exact,52,54,1,53,50000000,True,4.284650356,4.284164,21,True,True,False,False,completed,4.290847678999853,measured,0,1,,
clarithromycin,provisional,exact,52,54,1,53,50000000,True,4.281593155,4.281157,21,True,True,False,False,completed,4.287997744000677,measured,1,0,,
clarithromycin,provisional,graph,52,54,1,53,50000000,True,0.000158868,0.000161,28,True,False,False,False,upper_bound,0.002247566000733059,measured,1,1,,
clarithromycin,provisional,graph,52,54,1,53,50000000,True,0.000155751,0.000157,28,True,False,False,False,upper_bound,0.0020931310009473236,measured,2,0,,
clarithromycin,provisional,exact,52,54,1,53,50000000,True,4.269266695,4.268756,21,True,True,False,False,completed,4.275244971000575,measured,2,1,,
clarithromycin,provisional,exact,52,54,1,53,50000000,True,4.281149998,4.280701,21,True,True,False,False,completed,4.287587569000607,measured,3,0,,
clarithromycin,provisional,graph,52,54,1,53,50000000,True,0.000164585,0.000166,28,True,False,False,False,upper_bound,0.0022871019991725916,measured,3,1,,
clarithromycin,provisional,graph,52,54,1,53,50000000,True,0.000150167,0.000152,28,True,False,False,False,upper_bound,0.002167771001040819,measured,4,0,,
clarithromycin,provisional,exact,52,54,1,53,50000000,True,4.303770584,4.303301,21,True,True,False,False,completed,4.309826024000358,measured,4,1,,
clarithromycin,provisional,exact,52,54,1,53,50000000,True,4.290025809,4.289577,21,True,True,False,False,completed,4.296469332000925,measured,5,0,,
clarithromycin,provisional,graph,52,54,1,53,50000000,True,0.000153098,0.000155,28,True,False,False,False,upper_bound,0.0022001369998179143,measured,5,1,,
paclitaxel,provisional,exact,62,68,1,67,50000000,True,,,,,False,,,timeout,10.01771826500044,warmup,0,0,10.0,True
paclitaxel,provisional,graph,62,68,1,67,50000000,True,0.000277935,0.00028,30,True,False,False,False,upper_bound,0.0024498340007994557,warmup,0,1,,
paclitaxel,provisional,graph,62,68,1,67,50000000,True,0.000271821,0.000274,30,True,False,False,False,upper_bound,0.0023693599996477133,measured,0,1,,
paclitaxel,provisional,graph,62,68,1,67,50000000,True,0.000271708,0.000273,30,True,False,False,False,upper_bound,0.002127963000020827,measured,1,0,,
paclitaxel,provisional,graph,62,68,1,67,50000000,True,0.000295917,0.000298,30,True,False,False,False,upper_bound,0.002078095998513163,measured,2,1,,
paclitaxel,provisional,graph,62,68,1,67,50000000,True,0.000301524,0.000303,30,True,False,False,False,upper_bound,0.002071307999358396,measured,3,0,,
paclitaxel,provisional,graph,62,68,1,67,50000000,True,0.000294487,0.000296,30,True,False,False,False,upper_bound,0.0020651239992730552,measured,4,1,,
paclitaxel,provisional,graph,62,68,1,67,50000000,True,0.000270532,0.000272,30,True,False,False,False,upper_bound,0.0020448489995033015,measured,5,0,,
amino-acid-scale-02c,provisional,graph,18,16,2,15,50000000,True,3.6747e-05,3.8e-05,10,True,False,False,False,upper_bound,0.0019095290008408483,warmup,0,0,,
amino-acid-scale-02c,provisional,exact,18,16,2,15,50000000,True,8.9452e-05,9.1e-05,10,True,True,False,False,completed,0.002619404000142822,warmup,0,1,,
amino-acid-scale-02c,provisional,graph,18,16,2,15,50000000,True,3.7576e-05,3.9e-05,10,True,False,False,False,upper_bound,0.00217405500006862,measured,0,0,,
amino-acid-scale-02c,provisional,exact,18,16,2,15,50000000,True,8.5169e-05,8.6e-05,10,True,True,False,False,completed,0.0020110390014451696,measured,0,1,,
amino-acid-scale-02c,provisional,exact,18,16,2,15,50000000,True,8.2457e-05,8.4e-05,10,True,True,False,False,completed,0.0019172920001437888,measured,1,0,,
amino-acid-scale-02c,provisional,graph,18,16,2,15,50000000,True,3.5968e-05,3.7e-05,10,True,False,False,False,upper_bound,0.0019026889985980233,measured,1,1,,
amino-acid-scale-02c,provisional,graph,18,16,2,15,50000000,True,3.6824e-05,3.9e-05,10,True,False,False,False,upper_bound,0.0018044879998342367,measured,2,0,,
amino-acid-scale-02c,provisional,exact,18,16,2,15,50000000,True,8.4366e-05,8.5e-05,10,True,True,False,False,completed,0.0018883399989135796,measured,2,1,,
amino-acid-scale-02c,provisional,exact,18,16,2,15,50000000,True,8.6444e-05,8.8e-05,10,True,True,False,False,completed,0.0018912289997388143,measured,3,0,,
amino-acid-scale-02c,provisional,graph,18,16,2,15,50000000,True,3.7173e-05,3.8e-05,10,True,False,False,False,upper_bound,0.001803619001293555,measured,3,1,,
amino-acid-scale-02c,provisional,graph,18,16,2,15,50000000,True,4.4397e-05,4.6e-05,10,True,False,False,False,upper_bound,0.0017972139994526515,measured,4,0,,
amino-acid-scale-02c,provisional,exact,18,16,2,15,50000000,True,8.0715e-05,8.2e-05,10,True,True,False,False,completed,0.0019396589996176772,measured,4,1,,
amino-acid-scale-02c,provisional,exact,18,16,2,15,50000000,True,7.9412e-05,8.1e-05,10,True,True,False,False,completed,0.0018660620007722173,measured,5,0,,
amino-acid-scale-02c,provisional,graph,18,16,2,15,50000000,True,3.6154e-05,3.7e-05,10,True,False,False,False,upper_bound,0.0017703820012684446,measured,5,1,,
amino-acid-scale-03c,provisional,exact,27,24,3,23,50000000,True,0.000229204,0.00023,13,True,True,False,False,completed,0.0020499230013228953,warmup,0,0,,
amino-acid-scale-03c,provisional,graph,27,24,3,23,50000000,True,5.3898e-05,5.5e-05,13,True,False,False,False,upper_bound,0.0018440390012983698,warmup,0,1,,
amino-acid-scale-03c,provisional,exact,27,24,3,23,50000000,True,0.000229442,0.00023,13,True,True,False,False,completed,0.001999148000322748,measured,0,0,,
amino-acid-scale-03c,provisional,graph,27,24,3,23,50000000,True,5.2179e-05,5.4e-05,13,True,False,False,False,upper_bound,0.0018009790001087822,measured,0,1,,
amino-acid-scale-03c,provisional,graph,27,24,3,23,50000000,True,5.1093e-05,5.2e-05,13,True,False,False,False,upper_bound,0.0017933540002559312,measured,1,0,,
amino-acid-scale-03c,provisional,exact,27,24,3,23,50000000,True,0.000224147,0.000225,13,True,True,False,False,completed,0.0020904090015392285,measured,1,1,,
amino-acid-scale-03c,provisional,exact,27,24,3,23,50000000,True,0.000212307,0.000214,13,True,True,False,False,completed,0.0020024189998366637,measured,2,0,,
amino-acid-scale-03c,provisional,graph,27,24,3,23,50000000,True,4.9785e-05,5.1e-05,13,True,False,False,False,upper_bound,0.0017879099996207515,measured,2,1,,
amino-acid-scale-03c,provisional,graph,27,24,3,23,50000000,True,4.9019e-05,5.1e-05,13,True,False,False,False,upper_bound,0.0018092170012096176,measured,3,0,,
amino-acid-scale-03c,provisional,exact,27,24,3,23,50000000,True,0.000213089,0.000215,13,True,True,False,False,completed,0.0019718120001925854,measured,3,1,,
amino-acid-scale-03c,provisional,exact,27,24,3,23,50000000,True,0.000222523,0.000224,13,True,True,False,False,completed,0.002005491000090842,measured,4,0,,
amino-acid-scale-03c,provisional,graph,27,24,3,23,50000000,True,7.6768e-05,7.9e-05,13,True,False,False,False,upper_bound,0.0021053090003988473,measured,4,1,,
amino-acid-scale-03c,provisional,graph,27,24,3,23,50000000,True,5.0385e-05,5.2e-05,13,True,False,False,False,upper_bound,0.001827543999752379,measured,5,0,,
amino-acid-scale-03c,provisional,exact,27,24,3,23,50000000,True,0.000216746,0.000218,13,True,True,False,False,completed,0.0020236740001564613,measured,5,1,,
amino-acid-scale-04c,provisional,graph,36,32,4,31,50000000,True,6.3786e-05,6.5e-05,15,True,False,False,False,upper_bound,0.0018566389990155585,warmup,0,0,,
amino-acid-scale-04c,provisional,exact,36,32,4,31,50000000,True,0.000718126,0.000719,15,True,True,False,False,completed,0.0025298580003436655,warmup,0,1,,
amino-acid-scale-04c,provisional,graph,36,32,4,31,50000000,True,6.1341e-05,6.3e-05,15,True,False,False,False,upper_bound,0.0018336590001126751,measured,0,0,,
amino-acid-scale-04c,provisional,exact,36,32,4,31,50000000,True,0.000721652,0.000723,15,True,True,False,False,completed,0.0026322180001443485,measured,0,1,,
amino-acid-scale-04c,provisional,exact,36,32,4,31,50000000,True,0.000694928,0.000696,15,True,True,False,False,completed,0.0024787540005490882,measured,1,0,,
amino-acid-scale-04c,provisional,graph,36,32,4,31,50000000,True,6.0565e-05,6.2e-05,15,True,False,False,False,upper_bound,0.0018411689998174552,measured,1,1,,
amino-acid-scale-04c,provisional,graph,36,32,4,31,50000000,True,5.9598e-05,6e-05,15,True,False,False,False,upper_bound,0.0017984850001084851,measured,2,0,,
amino-acid-scale-04c,provisional,exact,36,32,4,31,50000000,True,0.000701712,0.000703,15,True,True,False,False,completed,0.002541472000302747,measured,2,1,,
amino-acid-scale-04c,provisional,exact,36,32,4,31,50000000,True,0.000694317,0.000696,15,True,True,False,False,completed,0.00244211599965638,measured,3,0,,
amino-acid-scale-04c,provisional,graph,36,32,4,31,50000000,True,6.4819e-05,6.7e-05,15,True,False,False,False,upper_bound,0.0017977520001295488,measured,3,1,,
amino-acid-scale-04c,provisional,graph,36,32,4,31,50000000,True,5.9957e-05,6.1e-05,15,True,False,False,False,upper_bound,0.0018366820004303008,measured,4,0,,
amino-acid-scale-04c,provisional,exact,36,32,4,31,50000000,True,0.000702266,0.000704,15,True,True,False,False,completed,0.002656852000654908,measured,4,1,,
amino-acid-scale-04c,provisional,exact,36,32,4,31,50000000,True,0.000697733,0.000699,15,True,True,False,False,completed,0.002484882999851834,measured,5,0,,
amino-acid-scale-04c,provisional,graph,36,32,4,31,50000000,True,6.4034e-05,6.5e-05,15,True,False,False,False,upper_bound,0.0018215529998997226,measured,5,1,,
amino-acid-scale-05c,provisional,exact,43,38,5,37,50000000,True,0.000835799,0.000837,17,True,True,False,False,completed,0.00262065300012182,warmup,0,0,,
amino-acid-scale-05c,provisional,graph,43,38,5,37,50000000,True,7.0199e-05,7.2e-05,17,True,False,False,False,upper_bound,0.0018430680011078948,warmup,0,1,,
amino-acid-scale-05c,provisional,exact,43,38,5,37,50000000,True,0.000832062,0.000833,17,True,True,False,False,completed,0.0025793990007514367,measured,0,0,,
amino-acid-scale-05c,provisional,graph,43,38,5,37,50000000,True,6.872e-05,7e-05,17,True,False,False,False,upper_bound,0.001811512000131188,measured,0,1,,
amino-acid-scale-05c,provisional,graph,43,38,5,37,50000000,True,6.9016e-05,7.1e-05,17,True,False,False,False,upper_bound,0.0018171249994338723,measured,1,0,,
amino-acid-scale-05c,provisional,exact,43,38,5,37,50000000,True,0.000843678,0.000845,17,True,True,False,False,completed,0.0026440780002303654,measured,1,1,,
amino-acid-scale-05c,provisional,exact,43,38,5,37,50000000,True,0.000822852,0.000824,17,True,True,False,False,completed,0.0025726439998834394,measured,2,0,,
amino-acid-scale-05c,provisional,graph,43,38,5,37,50000000,True,7.3355e-05,7.5e-05,17,True,False,False,False,upper_bound,0.001812045000406215,measured,2,1,,
amino-acid-scale-05c,provisional,graph,43,38,5,37,50000000,True,7.8132e-05,8e-05,17,True,False,False,False,upper_bound,0.0018245009996462613,measured,3,0,,
amino-acid-scale-05c,provisional,exact,43,38,5,37,50000000,True,0.001142961,0.001105,17,True,True,False,False,completed,0.002896820000387379,measured,3,1,,
amino-acid-scale-05c,provisional,exact,43,38,5,37,50000000,True,0.000860179,0.000861,17,True,True,False,False,completed,0.002637722000145004,measured,4,0,,
amino-acid-scale-05c,provisional,graph,43,38,5,37,50000000,True,7.1446e-05,7.3e-05,17,True,False,False,False,upper_bound,0.001837132000218844,measured,4,1,,
amino-acid-scale-05c,provisional,graph,43,38,5,37,50000000,True,7.1633e-05,7.3e-05,17,True,False,False,False,upper_bound,0.0018213179992017103,measured,5,0,,
amino-acid-scale-05c,provisional,exact,43,38,5,37,50000000,True,0.000838882,0.00084,17,True,True,False,False,completed,0.0026258060006512096,measured,5,1,,
amino-acid-scale-06c,provisional,graph,53,47,6,46,50000000,True,9.7826e-05,9.9e-05,19,True,False,False,False,upper_bound,0.0018703949990594992,warmup,0,0,,
amino-acid-scale-06c,provisional,exact,53,47,6,46,50000000,True,0.003203782,0.003205,19,True,True,False,False,completed,0.004975153000486898,warmup,0,1,,
amino-acid-scale-06c,provisional,graph,53,47,6,46,50000000,True,0.000100075,0.000101,19,True,False,False,False,upper_bound,0.0019579479994717985,measured,0,0,,
amino-acid-scale-06c,provisional,exact,53,47,6,46,50000000,True,0.003204619,0.003206,19,True,True,False,False,completed,0.005030973999964772,measured,0,1,,
amino-acid-scale-06c,provisional,exact,53,47,6,46,50000000,True,0.003227256,0.003228,19,True,True,False,False,completed,0.005001818999517127,measured,1,0,,
amino-acid-scale-06c,provisional,graph,53,47,6,46,50000000,True,9.4524e-05,9.6e-05,19,True,False,False,False,upper_bound,0.0019032830005016876,measured,1,1,,
amino-acid-scale-06c,provisional,graph,53,47,6,46,50000000,True,9.6791e-05,9.8e-05,19,True,False,False,False,upper_bound,0.0018641089991433546,measured,2,0,,
amino-acid-scale-06c,provisional,exact,53,47,6,46,50000000,True,0.003263306,0.003265,19,True,True,False,False,completed,0.005068132999440422,measured,2,1,,
amino-acid-scale-06c,provisional,exact,53,47,6,46,50000000,True,0.003231777,0.003234,19,True,True,False,False,completed,0.0050392020002618665,measured,3,0,,
amino-acid-scale-06c,provisional,graph,53,47,6,46,50000000,True,9.6658e-05,9.8e-05,19,True,False,False,False,upper_bound,0.0018972019988723332,measured,3,1,,
amino-acid-scale-06c,provisional,graph,53,47,6,46,50000000,True,9.4228e-05,9.6e-05,19,True,False,False,False,upper_bound,0.0018220789988845354,measured,4,0,,
amino-acid-scale-06c,provisional,exact,53,47,6,46,50000000,True,0.003165993,0.003167,19,True,True,False,False,completed,0.005014833001041552,measured,4,1,,
amino-acid-scale-06c,provisional,exact,53,47,6,46,50000000,True,0.003104029,0.003106,19,True,True,False,False,completed,0.004878376999840839,measured,5,0,,
amino-acid-scale-06c,provisional,graph,53,47,6,46,50000000,True,9.2596e-05,9.4e-05,19,True,False,False,False,upper_bound,0.0018365729993092827,measured,5,1,,
amino-acid-scale-07c,provisional,exact,63,56,7,55,50000000,True,0.014889895,0.014877,21,True,True,False,False,completed,0.01686083800086635,warmup,0,0,,
amino-acid-scale-07c,provisional,graph,63,56,7,55,50000000,True,0.000123376,0.000125,24,True,False,False,False,upper_bound,0.0020008100000268314,warmup,0,1,,
amino-acid-scale-07c,provisional,exact,63,56,7,55,50000000,True,0.01419198,0.014194,21,True,True,False,False,completed,0.01607492400034971,measured,0,0,,
amino-acid-scale-07c,provisional,graph,63,56,7,55,50000000,True,0.000120663,0.000122,24,True,False,False,False,upper_bound,0.0019928669989894843,measured,0,1,,
amino-acid-scale-07c,provisional,graph,63,56,7,55,50000000,True,0.000119654,0.000121,24,True,False,False,False,upper_bound,0.0018807759988703765,measured,1,0,,
amino-acid-scale-07c,provisional,exact,63,56,7,55,50000000,True,0.015048845,0.01505,21,True,True,False,False,completed,0.0169820470000559,measured,1,1,,
amino-acid-scale-07c,provisional,exact,63,56,7,55,50000000,True,0.014287685,0.01429,21,True,True,False,False,completed,0.016374541000914178,measured,2,0,,
amino-acid-scale-07c,provisional,graph,63,56,7,55,50000000,True,0.000126448,0.000128,24,True,False,False,False,upper_bound,0.001998507999815047,measured,2,1,,
amino-acid-scale-07c,provisional,graph,63,56,7,55,50000000,True,0.000122109,0.000124,24,True,False,False,False,upper_bound,0.0019926360000681598,measured,3,0,,
amino-acid-scale-07c,provisional,exact,63,56,7,55,50000000,True,0.016109838,0.016105,21,True,True,False,False,completed,0.018012538999755634,measured,3,1,,
amino-acid-scale-07c,provisional,exact,63,56,7,55,50000000,True,0.014442854,0.014445,21,True,True,False,False,completed,0.016485671998452744,measured,4,0,,
amino-acid-scale-07c,provisional,graph,63,56,7,55,50000000,True,0.000128087,0.000129,24,True,False,False,False,upper_bound,0.0021344810011214577,measured,4,1,,
amino-acid-scale-07c,provisional,graph,63,56,7,55,50000000,True,0.000123977,0.000125,24,True,False,False,False,upper_bound,0.0020267210002202773,measured,5,0,,
amino-acid-scale-07c,provisional,exact,63,56,7,55,50000000,True,0.014185819,0.014171,21,True,True,False,False,completed,0.016134155999679933,measured,5,1,,
amino-acid-scale-08c,provisional,graph,68,60,8,59,50000000,True,0.000129602,0.000131,23,True,False,False,False,upper_bound,0.0019203209994884674,warmup,0,0,,
amino-acid-scale-08c,provisional,exact,68,60,8,59,50000000,True,0.047308064,0.047309,23,True,True,False,False,completed,0.04914851300054579,warmup,0,1,,
amino-acid-scale-08c,provisional,graph,68,60,8,59,50000000,True,0.000163175,0.000165,23,True,False,False,False,upper_bound,0.002334802000405034,measured,0,0,,
amino-acid-scale-08c,provisional,exact,68,60,8,59,50000000,True,0.046870343,0.046872,23,True,True,False,False,completed,0.04873788000077184,measured,0,1,,
amino-acid-scale-08c,provisional,exact,68,60,8,59,50000000,True,0.047050579,0.047052,23,True,True,False,False,completed,0.04897283900027105,measured,1,0,,
amino-acid-scale-08c,provisional,graph,68,60,8,59,50000000,True,0.000120789,0.000122,23,True,False,False,False,upper_bound,0.0020123070007684873,measured,1,1,,
amino-acid-scale-08c,provisional,graph,68,60,8,59,50000000,True,0.000120767,0.000122,23,True,False,False,False,upper_bound,0.001950968000528519,measured,2,0,,
amino-acid-scale-08c,provisional,exact,68,60,8,59,50000000,True,0.046912505,0.046907,23,True,True,False,False,completed,0.04874346200085711,measured,2,1,,
amino-acid-scale-08c,provisional,exact,68,60,8,59,50000000,True,0.047127032,0.0471,23,True,True,False,False,completed,0.04901487700044527,measured,3,0,,
amino-acid-scale-08c,provisional,graph,68,60,8,59,50000000,True,0.000125933,0.000128,23,True,False,False,False,upper_bound,0.0020304449990362627,measured,3,1,,
amino-acid-scale-08c,provisional,graph,68,60,8,59,50000000,True,0.000118491,0.00012,23,True,False,False,False,upper_bound,0.0019377030002942774,measured,4,0,,
amino-acid-scale-08c,provisional,exact,68,60,8,59,50000000,True,0.046923506,0.046925,23,True,True,False,False,completed,0.048784874999910244,measured,4,1,,
amino-acid-scale-08c,provisional,exact,68,60,8,59,50000000,True,0.047678179,0.04768,23,True,True,False,False,completed,0.04964664600083779,measured,5,0,,
amino-acid-scale-08c,provisional,graph,68,60,8,59,50000000,True,0.000121717,0.000124,23,True,False,False,False,upper_bound,0.0021045720004622126,measured,5,1,,
amino-acid-scale-09c,provisional,exact,77,68,9,67,50000000,True,0.280141973,0.280122,25,True,True,False,False,completed,0.28213877199959825,warmup,0,0,,
amino-acid-scale-09c,provisional,graph,77,68,9,67,50000000,True,0.000136988,0.000139,26,True,False,False,False,upper_bound,0.0021970489997329423,warmup,0,1,,
amino-acid-scale-09c,provisional,exact,77,68,9,67,50000000,True,0.28523618,0.28508,25,True,True,False,False,completed,0.2874155650006287,measured,0,0,,
amino-acid-scale-09c,provisional,graph,77,68,9,67,50000000,True,0.000150696,0.000152,26,True,False,False,False,upper_bound,0.0021407190015452215,measured,0,1,,
amino-acid-scale-09c,provisional,graph,77,68,9,67,50000000,True,0.000133193,0.000135,26,True,False,False,False,upper_bound,0.00203670400151168,measured,1,0,,
amino-acid-scale-09c,provisional,exact,77,68,9,67,50000000,True,0.28818434,0.288159,25,True,True,False,False,completed,0.29019726399928913,measured,1,1,,
amino-acid-scale-09c,provisional,exact,77,68,9,67,50000000,True,0.279687383,0.279655,25,True,True,False,False,completed,0.2818998560014734,measured,2,0,,
amino-acid-scale-09c,provisional,graph,77,68,9,67,50000000,True,0.000139253,0.000141,26,True,False,False,False,upper_bound,0.0023162710003816755,measured,2,1,,
amino-acid-scale-09c,provisional,graph,77,68,9,67,50000000,True,0.000136122,0.000138,26,True,False,False,False,upper_bound,0.002131289000317338,measured,3,0,,
amino-acid-scale-09c,provisional,exact,77,68,9,67,50000000,True,0.280627199,0.280555,25,True,True,False,False,completed,0.28271351699913794,measured,3,1,,
amino-acid-scale-09c,provisional,exact,77,68,9,67,50000000,True,0.279377591,0.279353,25,True,True,False,False,completed,0.28155467699980363,measured,4,0,,
amino-acid-scale-09c,provisional,graph,77,68,9,67,50000000,True,0.000140243,0.000142,26,True,False,False,False,upper_bound,0.0021431619989016326,measured,4,1,,
amino-acid-scale-09c,provisional,graph,77,68,9,67,50000000,True,0.000138598,0.00014,26,True,False,False,False,upper_bound,0.002089321998937521,measured,5,0,,
amino-acid-scale-09c,provisional,exact,77,68,9,67,50000000,True,0.279876419,0.279843,25,True,True,False,False,completed,0.2818259659998148,measured,5,1,,
amino-acid-scale-10c,provisional,graph,86,76,10,75,50000000,True,0.000171877,0.000174,29,True,False,False,False,upper_bound,0.002278808000482968,warmup,0,0,,
amino-acid-scale-10c,provisional,exact,86,76,10,75,50000000,True,1.259934793,1.259784,27,True,True,False,False,completed,1.2620902559992828,warmup,0,1,,
amino-acid-scale-10c,provisional,graph,86,76,10,75,50000000,True,0.000170799,0.000173,29,True,False,False,False,upper_bound,0.002183608999985154,measured,0,0,,
amino-acid-scale-10c,provisional,exact,86,76,10,75,50000000,True,1.259478447,1.259252,27,True,True,False,False,completed,1.2617529019989888,measured,0,1,,
amino-acid-scale-10c,provisional,exact,86,76,10,75,50000000,True,1.259461961,1.259326,27,True,True,False,False,completed,1.2618656419999752,measured,1,0,,
amino-acid-scale-10c,provisional,graph,86,76,10,75,50000000,True,0.000182534,0.000184,29,True,False,False,False,upper_bound,0.0022104849995230325,measured,1,1,,
amino-acid-scale-10c,provisional,graph,86,76,10,75,50000000,True,0.000170783,0.000172,29,True,False,False,False,upper_bound,0.002049558999715373,measured,2,0,,
amino-acid-scale-10c,provisional,exact,86,76,10,75,50000000,True,1.256303702,1.256148,27,True,True,False,False,completed,1.2585025830012455,measured,2,1,,
amino-acid-scale-10c,provisional,exact,86,76,10,75,50000000,True,1.256374514,1.256251,27,True,True,False,False,completed,1.2586839239993424,measured,3,0,,
amino-acid-scale-10c,provisional,graph,86,76,10,75,50000000,True,0.000173986,0.000176,29,True,False,False,False,upper_bound,0.002301079000972095,measured,3,1,,
amino-acid-scale-10c,provisional,graph,86,76,10,75,50000000,True,0.000170476,0.000172,29,True,False,False,False,upper_bound,0.0021122759990248596,measured,4,0,,
amino-acid-scale-10c,provisional,exact,86,76,10,75,50000000,True,1.255900811,1.255745,27,True,True,False,False,completed,1.2579858799999784,measured,4,1,,
amino-acid-scale-10c,provisional,exact,86,76,10,75,50000000,True,1.260127971,1.259999,27,True,True,False,False,completed,1.2624679660002585,measured,5,0,,
amino-acid-scale-10c,provisional,graph,86,76,10,75,50000000,True,0.000174596,0.000176,29,True,False,False,False,upper_bound,0.0022529809994011885,measured,5,1,,
amino-acid-scale-11c,provisional,exact,96,85,11,84,50000000,True,5.702458457,5.701868,29,True,True,False,False,completed,5.7046135579985275,warmup,0,0,,
amino-acid-scale-11c,provisional,graph,96,85,11,84,50000000,True,0.000195998,0.000197,33,True,False,False,False,upper_bound,0.002226180000434397,warmup,0,1,,
amino-acid-scale-11c,provisional,exact,96,85,11,84,50000000,True,5.72008104,5.719465,29,True,True,False,False,completed,5.72237222700096,measured,0,0,,
amino-acid-scale-11c,provisional,graph,96,85,11,84,50000000,True,0.000192427,0.000194,33,True,False,False,False,upper_bound,0.0023226069988595555,measured,0,1,,
amino-acid-scale-11c,provisional,graph,96,85,11,84,50000000,True,0.000200392,0.000202,33,True,False,False,False,upper_bound,0.0021757939994131448,measured,1,0,,
amino-acid-scale-11c,provisional,exact,96,85,11,84,50000000,True,5.72442054,5.723815,29,True,True,False,False,completed,5.726591910999559,measured,1,1,,
amino-acid-scale-11c,provisional,exact,96,85,11,84,50000000,True,5.72757098,5.726996,29,True,True,False,False,completed,5.729902838000271,measured,2,0,,
amino-acid-scale-11c,provisional,graph,96,85,11,84,50000000,True,0.000192335,0.000194,33,True,False,False,False,upper_bound,0.002230521000456065,measured,2,1,,
amino-acid-scale-11c,provisional,graph,96,85,11,84,50000000,True,0.000198703,0.0002,33,True,False,False,False,upper_bound,0.0021074090000183787,measured,3,0,,
amino-acid-scale-11c,provisional,exact,96,85,11,84,50000000,True,5.711781943,5.710877,29,True,True,False,False,completed,5.713856606998888,measured,3,1,,
amino-acid-scale-11c,provisional,exact,96,85,11,84,50000000,True,5.712600974,5.71199,29,True,True,False,False,completed,5.7149987679986225,measured,4,0,,
amino-acid-scale-11c,provisional,graph,96,85,11,84,50000000,True,0.000197104,0.000199,33,True,False,False,False,upper_bound,0.0022416749998228624,measured,4,1,,
amino-acid-scale-11c,provisional,graph,96,85,11,84,50000000,True,0.000190493,0.000192,33,True,False,False,False,upper_bound,0.0020805949989153305,measured,5,0,,
amino-acid-scale-11c,provisional,exact,96,85,11,84,50000000,True,5.707119967,5.706497,29,True,True,False,False,completed,5.709194871998989,measured,5,1,,
amino-acid-scale-12c,provisional,graph,105,93,12,92,50000000,True,0.000222077,0.000224,36,True,False,False,False,upper_bound,0.00242060199889238,warmup,0,0,,
amino-acid-scale-12c,provisional,exact,105,93,12,92,50000000,True,,,,,False,,,timeout,10.013984655000968,warmup,0,1,10.0,True
amino-acid-scale-12c,provisional,graph,105,93,12,92,50000000,True,0.000221465,0.000223,36,True,False,False,False,upper_bound,0.0023336659996857634,measured,0,0,,
amino-acid-scale-12c,provisional,graph,105,93,12,92,50000000,True,0.000210998,0.000213,36,True,False,False,False,upper_bound,0.0021481870007846737,measured,1,1,,
amino-acid-scale-12c,provisional,graph,105,93,12,92,50000000,True,0.000206897,0.000208,36,True,False,False,False,upper_bound,0.0020209100002830382,measured,2,0,,
amino-acid-scale-12c,provisional,graph,105,93,12,92,50000000,True,0.000203197,0.000204,36,True,False,False,False,upper_bound,0.0019930869984818855,measured,3,1,,
amino-acid-scale-12c,provisional,graph,105,93,12,92,50000000,True,0.000205023,0.000206,36,True,False,False,False,upper_bound,0.0020093229995836737,measured,4,0,,
amino-acid-scale-12c,provisional,graph,105,93,12,92,50000000,True,0.000212458,0.000214,36,True,False,False,False,upper_bound,0.0021006619990657782,measured,5,1,,
amino-acid-scale-13c,provisional,exact,113,100,13,99,50000000,True,,,,,False,,,timeout,10.014421908999793,warmup,0,0,10.0,True
amino-acid-scale-13c,provisional,graph,113,100,13,99,50000000,True,0.000232587,0.000235,38,True,False,False,False,upper_bound,0.002362827999604633,warmup,0,1,,
amino-acid-scale-13c,provisional,graph,113,100,13,99,50000000,True,0.000237457,0.000239,38,True,False,False,False,upper_bound,0.002149699999790755,measured,0,1,,
amino-acid-scale-13c,provisional,graph,113,100,13,99,50000000,True,0.000221712,0.000223,38,True,False,False,False,upper_bound,0.002067155999611714,measured,1,0,,
amino-acid-scale-13c,provisional,graph,113,100,13,99,50000000,True,0.000219992,0.000222,38,True,False,False,False,upper_bound,0.0020729309999296675,measured,2,1,,
amino-acid-scale-13c,provisional,graph,113,100,13,99,50000000,True,0.000217696,0.000219,38,True,False,False,False,upper_bound,0.001999257001443766,measured,3,0,,
amino-acid-scale-13c,provisional,graph,113,100,13,99,50000000,True,0.000216991,0.000218,38,True,False,False,False,upper_bound,0.0019908180001948494,measured,4,1,,
amino-acid-scale-13c,provisional,graph,113,100,13,99,50000000,True,0.00021591,0.000217,38,True,False,False,False,upper_bound,0.002004021000175271,measured,5,0,,
mask-boundary-path-063b,provisional,graph,64,63,1,62,50000000,True,9.5221e-05,9.6e-05,10,True,False,False,False,upper_bound,0.0019434270016063238,warmup,0,0,,
mask-boundary-path-063b,provisional,exact,64,63,1,62,50000000,True,0.002728032,0.00273,8,True,True,False,False,completed,0.0045606890016642865,warmup,0,1,,
mask-boundary-path-063b,provisional,graph,64,63,1,62,50000000,True,8.7531e-05,8.9e-05,10,True,False,False,False,upper_bound,0.001866287000666489,measured,0,0,,
mask-boundary-path-063b,provisional,exact,64,63,1,62,50000000,True,0.002691231,0.002692,8,True,True,False,False,completed,0.0045393599993985845,measured,0,1,,
mask-boundary-path-063b,provisional,exact,64,63,1,62,50000000,True,0.00268781,0.00269,8,True,True,False,False,completed,0.004493491000175709,measured,1,0,,
mask-boundary-path-063b,provisional,graph,64,63,1,62,50000000,True,8.6349e-05,8.8e-05,10,True,False,False,False,upper_bound,0.001843672000177321,measured,1,1,,
mask-boundary-path-063b,provisional,graph,64,63,1,62,50000000,True,8.7954e-05,9e-05,10,True,False,False,False,upper_bound,0.0018403640005999478,measured,2,0,,
mask-boundary-path-063b,provisional,exact,64,63,1,62,50000000,True,0.002689661,0.002691,8,True,True,False,False,completed,0.004523637000602321,measured,2,1,,
mask-boundary-path-063b,provisional,exact,64,63,1,62,50000000,True,0.002715555,0.002717,8,True,True,False,False,completed,0.004606205000527552,measured,3,0,,
mask-boundary-path-063b,provisional,graph,64,63,1,62,50000000,True,9.3332e-05,9.4e-05,10,True,False,False,False,upper_bound,0.001963294000233873,measured,3,1,,
mask-boundary-path-063b,provisional,graph,64,63,1,62,50000000,True,8.6821e-05,8.8e-05,10,True,False,False,False,upper_bound,0.0018894160002673743,measured,4,0,,
mask-boundary-path-063b,provisional,exact,64,63,1,62,50000000,True,0.0026484,0.00265,8,True,True,False,False,completed,0.004468940000151633,measured,4,1,,
mask-boundary-path-063b,provisional,exact,64,63,1,62,50000000,True,0.002733499,0.002735,8,True,True,False,False,completed,0.004525244999967981,measured,5,0,,
mask-boundary-path-063b,provisional,graph,64,63,1,62,50000000,True,8.8837e-05,9e-05,10,True,False,False,False,upper_bound,0.0018702880006458145,measured,5,1,,
mask-boundary-path-064b,provisional,exact,65,64,1,63,50000000,True,0.002636335,0.002638,6,True,True,False,False,completed,0.004485421000936185,warmup,0,0,,
mask-boundary-path-064b,provisional,graph,65,64,1,63,50000000,True,9.327e-05,9.5e-05,6,True,False,False,False,upper_bound,0.001871357000709395,warmup,0,1,,
mask-boundary-path-064b,provisional,exact,65,64,1,63,50000000,True,0.002573735,0.002575,6,True,True,False,False,completed,0.004370418999315007,measured,0,0,,
mask-boundary-path-064b,provisional,graph,65,64,1,63,50000000,True,9.3623e-05,9.5e-05,6,True,False,False,False,upper_bound,0.001877186999990954,measured,0,1,,
mask-boundary-path-064b,provisional,graph,65,64,1,63,50000000,True,9.1381e-05,9.3e-05,6,True,False,False,False,upper_bound,0.0018648329987627221,measured,1,0,,
mask-boundary-path-064b,provisional,exact,65,64,1,63,50000000,True,0.002614254,0.002616,6,True,True,False,False,completed,0.004402444999868749,measured,1,1,,
mask-boundary-path-064b,provisional,exact,65,64,1,63,50000000,True,0.002597545,0.002599,6,True,True,False,False,completed,0.00438667200069176,measured,2,0,,
mask-boundary-path-064b,provisional,graph,65,64,1,63,50000000,True,9.3607e-05,9.5e-05,6,True,False,False,False,upper_bound,0.0018520009998610476,measured,2,1,,
mask-boundary-path-064b,provisional,graph,65,64,1,63,50000000,True,9.0776e-05,9.2e-05,6,True,False,False,False,upper_bound,0.0018285509995621396,measured,3,0,,
mask-boundary-path-064b,provisional,exact,65,64,1,63,50000000,True,0.002591431,0.002593,6,True,True,False,False,completed,0.004360068998721545,measured,3,1,,
mask-boundary-path-064b,provisional,exact,65,64,1,63,50000000,True,0.002586393,0.002588,6,True,True,False,False,completed,0.00437987699842779,measured,4,0,,
mask-boundary-path-064b,provisional,graph,65,64,1,63,50000000,True,9.6202e-05,9.8e-05,6,True,False,False,False,upper_bound,0.0018916709996119607,measured,4,1,,
mask-boundary-path-064b,provisional,graph,65,64,1,63,50000000,True,9.3432e-05,9.5e-05,6,True,False,False,False,upper_bound,0.0018721840006037382,measured,5,0,,
mask-boundary-path-064b,provisional,exact,65,64,1,63,50000000,True,0.002596316,0.002598,6,True,True,False,False,completed,0.00438221999866073,measured,5,1,,
mask-boundary-path-065b,provisional,graph,66,65,1,64,50000000,True,9.9707e-05,0.000102,7,True,False,False,False,upper_bound,0.001943496999956551,warmup,0,0,,
mask-boundary-path-065b,provisional,exact,66,65,1,64,50000000,True,0.003141436,0.003143,7,True,True,False,False,completed,0.004962697999872034,warmup,0,1,,
mask-boundary-path-065b,provisional,graph,66,65,1,64,50000000,True,0.000100294,0.000101,7,True,False,False,False,upper_bound,0.0019193120006093523,measured,0,0,,
mask-boundary-path-065b,provisional,exact,66,65,1,64,50000000,True,0.003162529,0.003164,7,True,True,False,False,completed,0.004983673001333955,measured,0,1,,
mask-boundary-path-065b,provisional,exact,66,65,1,64,50000000,True,0.00318441,0.003164,7,True,True,False,False,completed,0.005087006000394467,measured,1,0,,
mask-boundary-path-065b,provisional,graph,66,65,1,64,50000000,True,0.000100315,0.000101,7,True,False,False,False,upper_bound,0.0018581229996925686,measured,1,1,,
mask-boundary-path-065b,provisional,graph,66,65,1,64,50000000,True,0.000102066,0.000103,7,True,False,False,False,upper_bound,0.0019475869994494133,measured,2,0,,
mask-boundary-path-065b,provisional,exact,66,65,1,64,50000000,True,0.003162252,0.003163,7,True,True,False,False,completed,0.004951017001076252,measured,2,1,,
mask-boundary-path-065b,provisional,exact,66,65,1,64,50000000,True,0.00317592,0.003166,7,True,True,False,False,completed,0.004968687999280519,measured,3,0,,
mask-boundary-path-065b,provisional,graph,66,65,1,64,50000000,True,0.000100409,0.000102,7,True,False,False,False,upper_bound,0.0018860799991671229,measured,3,1,,
mask-boundary-path-065b,provisional,graph,66,65,1,64,50000000,True,0.00010597,0.000108,7,True,False,False,False,upper_bound,0.0019064099997194717,measured,4,0,,
mask-boundary-path-065b,provisional,exact,66,65,1,64,50000000,True,0.003190704,0.003192,7,True,True,False,False,completed,0.004991933001292637,measured,4,1,,
mask-boundary-path-065b,provisional,exact,66,65,1,64,50000000,True,0.003164457,0.003166,7,True,True,False,False,completed,0.004976551999789081,measured,5,0,,
mask-boundary-path-065b,provisional,graph,66,65,1,64,50000000,True,9.9679e-05,0.000101,7,True,False,False,False,upper_bound,0.0018565109985502204,measured,5,1,,
mask-boundary-path-127b,provisional,exact,128,127,1,126,50000000,True,0.059005471,0.059008,10,True,True,False,False,completed,0.061179332000392606,warmup,0,0,,
mask-boundary-path-127b,provisional,graph,128,127,1,126,50000000,True,0.000190607,0.000192,12,True,False,False,False,upper_bound,0.0022899630002939375,warmup,0,1,,
mask-boundary-path-127b,provisional,exact,128,127,1,126,50000000,True,0.058883628,0.058878,10,True,True,False,False,completed,0.06101093999859586,measured,0,0,,
mask-boundary-path-127b,provisional,graph,128,127,1,126,50000000,True,0.000204344,0.000207,12,True,False,False,False,upper_bound,0.002236582000477938,measured,0,1,,
mask-boundary-path-127b,provisional,graph,128,127,1,126,50000000,True,0.000189534,0.000191,12,True,False,False,False,upper_bound,0.002015908999965177,measured,1,0,,
mask-boundary-path-127b,provisional,exact,128,127,1,126,50000000,True,0.059052283,0.059054,10,True,True,False,False,completed,0.06110695499955909,measured,1,1,,
mask-boundary-path-127b,provisional,exact,128,127,1,126,50000000,True,0.058976353,0.058978,10,True,True,False,False,completed,0.06139301599978353,measured,2,0,,
mask-boundary-path-127b,provisional,graph,128,127,1,126,50000000,True,0.000201495,0.000203,12,True,False,False,False,upper_bound,0.002202270999987377,measured,2,1,,
mask-boundary-path-127b,provisional,graph,128,127,1,126,50000000,True,0.000204545,0.000206,12,True,False,False,False,upper_bound,0.002082913000776898,measured,3,0,,
mask-boundary-path-127b,provisional,exact,128,127,1,126,50000000,True,0.058963406,0.058965,10,True,True,False,False,completed,0.06102517500039539,measured,3,1,,
mask-boundary-path-127b,provisional,exact,128,127,1,126,50000000,True,0.05886602,0.05886,10,True,True,False,False,completed,0.0610868189996836,measured,4,0,,
mask-boundary-path-127b,provisional,graph,128,127,1,126,50000000,True,0.000197474,0.000199,12,True,False,False,False,upper_bound,0.002225789001386147,measured,4,1,,
mask-boundary-path-127b,provisional,graph,128,127,1,126,50000000,True,0.000188117,0.000189,12,True,False,False,False,upper_bound,0.0020880209995084442,measured,5,0,,
mask-boundary-path-127b,provisional,exact,128,127,1,126,50000000,True,0.059206361,0.0592,10,True,True,False,False,completed,0.06132628599880263,measured,5,1,,
mask-boundary-path-128b,provisional,graph,129,128,1,127,50000000,True,0.000199217,0.000201,7,True,False,False,False,upper_bound,0.002276747998621431,warmup,0,0,,
mask-boundary-path-128b,provisional,exact,129,128,1,127,50000000,True,0.03058586,0.030553,7,True,True,False,False,completed,0.03262404799897922,warmup,0,1,,
mask-boundary-path-128b,provisional,graph,129,128,1,127,50000000,True,0.000210351,0.000212,7,True,False,False,False,upper_bound,0.0021490349990926916,measured,0,0,,
mask-boundary-path-128b,provisional,exact,129,128,1,127,50000000,True,0.029072536,0.029074,7,True,True,False,False,completed,0.031173248000413878,measured,0,1,,
mask-boundary-path-128b,provisional,exact,129,128,1,127,50000000,True,0.028916119,0.028898,7,True,True,False,False,completed,0.031093058998521883,measured,1,0,,
mask-boundary-path-128b,provisional,graph,129,128,1,127,50000000,True,0.000205464,0.000207,7,True,False,False,False,upper_bound,0.002180821998990723,measured,1,1,,
mask-boundary-path-128b,provisional,graph,129,128,1,127,50000000,True,0.000198356,0.0002,7,True,False,False,False,upper_bound,0.0020964539999113185,measured,2,0,,
mask-boundary-path-128b,provisional,exact,129,128,1,127,50000000,True,0.028964019,0.028966,7,True,True,False,False,completed,0.03102286200009985,measured,2,1,,
mask-boundary-path-128b,provisional,exact,129,128,1,127,50000000,True,0.02898643,0.028988,7,True,True,False,False,completed,0.03108794299987494,measured,3,0,,
mask-boundary-path-128b,provisional,graph,129,128,1,127,50000000,True,0.000211426,0.000213,7,True,False,False,False,upper_bound,0.002189745000578114,measured,3,1,,
mask-boundary-path-128b,provisional,graph,129,128,1,127,50000000,True,0.000199503,0.000201,7,True,False,False,False,upper_bound,0.002032131000305526,measured,4,0,,
mask-boundary-path-128b,provisional,exact,129,128,1,127,50000000,True,0.028840333,0.028837,7,True,True,False,False,completed,0.030756264999581617,measured,4,1,,
mask-boundary-path-128b,provisional,exact,129,128,1,127,50000000,True,0.028835805,0.028838,7,True,True,False,False,completed,0.030862786999932723,measured,5,0,,
mask-boundary-path-128b,provisional,graph,129,128,1,127,50000000,True,0.000201045,0.000202,7,True,False,False,False,upper_bound,0.0019939379999414086,measured,5,1,,
mask-boundary-path-129b,provisional,exact,130,129,1,128,50000000,True,0.030127112,0.030133,8,True,True,False,False,completed,0.03218544999981532,warmup,0,0,,
mask-boundary-path-129b,provisional,graph,130,129,1,128,50000000,True,0.000212924,0.000214,8,True,False,False,False,upper_bound,0.0021673880000889767,warmup,0,1,,
mask-boundary-path-129b,provisional,exact,130,129,1,128,50000000,True,0.030035749,0.030037,8,True,True,False,False,completed,0.031962293000106,measured,0,0,,
mask-boundary-path-129b,provisional,graph,130,129,1,128,50000000,True,0.000212789,0.000215,8,True,False,False,False,upper_bound,0.0023727019997750176,measured,0,1,,
mask-boundary-path-129b,provisional,graph,130,129,1,128,50000000,True,0.000210001,0.000211,8,True,False,False,False,upper_bound,0.0021172760007175384,measured,1,0,,
mask-boundary-path-129b,provisional,exact,130,129,1,128,50000000,True,0.030065369,0.030067,8,True,True,False,False,completed,0.03204798099977779,measured,1,1,,
mask-boundary-path-129b,provisional,exact,130,129,1,128,50000000,True,0.030099036,0.030094,8,True,True,False,False,completed,0.03220894300102373,measured,2,0,,
mask-boundary-path-129b,provisional,graph,130,129,1,128,50000000,True,0.000211067,0.000212,8,True,False,False,False,upper_bound,0.0021138650008651894,measured,2,1,,
mask-boundary-path-129b,provisional,graph,130,129,1,128,50000000,True,0.000207264,0.000209,8,True,False,False,False,upper_bound,0.0019912949992431095,measured,3,0,,
mask-boundary-path-129b,provisional,exact,130,129,1,128,50000000,True,0.030009846,0.030011,8,True,True,False,False,completed,0.03193491999991238,measured,3,1,,
mask-boundary-path-129b,provisional,exact,130,129,1,128,50000000,True,0.030126138,0.030127,8,True,True,False,False,completed,0.032264423000015086,measured,4,0,,
mask-boundary-path-129b,provisional,graph,130,129,1,128,50000000,True,0.000218317,0.00022,8,True,False,False,False,upper_bound,0.0023328320003201952,measured,4,1,,
mask-boundary-path-129b,provisional,graph,130,129,1,128,50000000,True,0.000213423,0.000215,8,True,False,False,False,upper_bound,0.002098533999742358,measured,5,0,,
mask-boundary-path-129b,provisional,exact,130,129,1,128,50000000,True,0.03009356,0.030091,8,True,True,False,False,completed,0.03205643900037103,measured,5,1,,
